[20:35:34] BUILD TIMESTAMP: 2026-01-02 20:34:50 | Assembly=JSE_RevitAddin_MEP_OPENINGS.dll | Version=1.0.0.0
[20:35:34] === NEW PLACEMENT RUN STARTED ===
[2026-01-02 20:35:34.952] [20:35:34.951] [DB-LOAD] Zone 30808e2b-18c0-40db-60c3-4208b93ac49e: Loaded MepElementLevelName='Level 0', MepElementLevelElevation=0.000000ft (0.0mm)

[2026-01-02 20:35:34.956] [20:35:34.955] [DB-LOAD] Zone 6c8919ef-e5a7-bb03-804e-7efc809efd31: Loaded MepElementLevelName='Level 0', MepElementLevelElevation=0.000000ft (0.0mm)

[2026-01-02 20:35:34.959] [20:35:34.958] [DB-LOAD] Zone db86329e-1010-2021-a4c3-2b9e3e98021a: Loaded MepElementLevelName='Level 0', MepElementLevelElevation=0.000000ft (0.0mm)

[2026-01-02 20:35:34.963] [20:35:34.962] [DB-LOAD] Zone 3674d177-7325-2b17-7e42-c79460bffd18: Loaded MepElementLevelName='Level 0', MepElementLevelElevation=0.000000ft (0.0mm)

[2026-01-02 20:35:34.966] [20:35:34.965] [DB-LOAD] Zone 23970e7f-c4be-e0c0-13ca-aa5427283ab4: Loaded MepElementLevelName='Level 0', MepElementLevelElevation=0.000000ft (0.0mm)

[2026-01-02 20:35:34.969] [20:35:34.969] [DB-LOAD] Zone 0d5bc810-bfb7-4bbb-2444-fa26b583ed82: Loaded MepElementLevelName='Level 0', MepElementLevelElevation=0.000000ft (0.0mm)

[2026-01-02 20:35:34.973] [20:35:34.972] [DB-LOAD] Zone 049cd767-5dd6-cd86-93b1-07e9c5e91455: Loaded MepElementLevelName='Level 0', MepElementLevelElevation=0.000000ft (0.0mm)

[2026-01-02 20:35:34.976] [20:35:34.975] [DB-LOAD] Zone e90a7cb6-bade-a0dc-0741-e6a350974656: Loaded MepElementLevelName='Level 0', MepElementLevelElevation=0.000000ft (0.0mm)

[2026-01-02 20:35:34.980] [20:35:34.979] [DB-LOAD] Zone 720e069c-a6a6-25fe-1056-445e5f0e7aac: Loaded MepElementLevelName='Level 0', MepElementLevelElevation=0.000000ft (0.0mm)

[2026-01-02 20:35:34.983] [20:35:34.982] [DB-LOAD] Zone 2031e5e3-284f-f716-e3f7-64ce8a6a00c9: Loaded MepElementLevelName='Level 0', MepElementLevelElevation=0.000000ft (0.0mm)

[2026-01-02 20:35:34.988] [20:35:34.987] [DB-LOAD] Zone edfd5dca-bdac-8a33-7ce4-78d2ff0b0cb4: Loaded MepElementLevelName='Level 0', MepElementLevelElevation=0.000000ft (0.0mm)

[2026-01-02 20:35:34.997] [20:35:34.996] [DB-LOAD] Zone a60cfb2c-6455-8967-4840-eaab7e13bdc5: Loaded MepElementLevelName='Level 0', MepElementLevelElevation=0.000000ft (0.0mm)

[2026-01-02 20:35:35.004] [20:35:35.003] [DB-LOAD] Zone df7fc73d-898f-9c2d-29b7-0c673b9b8c64: Loaded MepElementLevelName='Level 0', MepElementLevelElevation=0.000000ft (0.0mm)

[2026-01-02 20:35:35.007] [20:35:35.006] [DB-LOAD] Zone 9054642b-26fd-79c7-2d65-3ab037771243: Loaded MepElementLevelName='Level 0', MepElementLevelElevation=0.000000ft (0.0mm)

[2026-01-02 20:35:35.011] [20:35:35.010] [DB-LOAD] Zone ee69ca6f-52c2-6f16-eeb5-4979293fd1e6: Loaded MepElementLevelName='Level 0', MepElementLevelElevation=0.000000ft (0.0mm)

[2026-01-02 20:35:35.014] [20:35:35.013] [DB-LOAD] Zone b375875a-240b-b59a-2b68-bbf300a9145d: Loaded MepElementLevelName='Level 0', MepElementLevelElevation=0.000000ft (0.0mm)

[2026-01-02 20:35:35.017] [20:35:35.017] [DB-LOAD] Zone c2d60296-f2a7-fa6d-665e-941f035331b6: Loaded MepElementLevelName='Level 0', MepElementLevelElevation=0.000000ft (0.0mm)

[2026-01-02 20:35:35.021] [20:35:35.020] [DB-LOAD] Zone 661b5e54-02f1-b59b-07f2-b22b7fbdb183: Loaded MepElementLevelName='Level 0', MepElementLevelElevation=0.000000ft (0.0mm)

[2026-01-02 20:35:35.024] [20:35:35.023] [DB-LOAD] Zone 091186e8-2ce9-f546-bf55-e9084850265e: Loaded MepElementLevelName='Level 0', MepElementLevelElevation=0.000000ft (0.0mm)

[2026-01-02 20:35:35.027] [20:35:35.027] [DB-LOAD] Zone 3f3107a3-1ff4-60f2-bebc-a52a386aa2e0: Loaded MepElementLevelName='Level 0', MepElementLevelElevation=0.000000ft (0.0mm)

[2026-01-02 20:35:35.031] [20:35:35.030] [DB-LOAD] Zone e83315b6-5ebf-60fb-5a98-11b4612eb77f: Loaded MepElementLevelName='Level 0', MepElementLevelElevation=0.000000ft (0.0mm)

[2026-01-02 20:35:35.034] [20:35:35.033] [DB-LOAD] Zone f4ed0093-18c1-fe0c-b7e4-0dc9ce4e0a17: Loaded MepElementLevelName='Level 0', MepElementLevelElevation=0.000000ft (0.0mm)

[2026-01-02 20:35:35.037] [20:35:35.037] [DB-LOAD] Zone c52f27f2-825a-cee3-ff19-44780ebac505: Loaded MepElementLevelName='Level 0', MepElementLevelElevation=0.000000ft (0.0mm)

[20:35:35] [DATA-SOURCE] ✅ Using DATABASE for filter 'Ventilation', category 'Ducts' (23 eligible zones)
[20:35:35] 🔥 BEFORE FILTERING: 23 zones loaded
[20:35:35] Sample: ID=30808e2b-18c0-40db-60c3-4208b93ac49e, Category='Ducts', HostType='Wall', SourceDoc='ME-00001', HostDoc=''
[20:35:35] 🔥 FILTER STARTED: 23 zones incoming
[20:35:35] Sample zones BEFORE filtering:
[20:35:35]   Zone 30808e2b-18c0-40db-60c3-4208b93ac49e: Category='Ducts', HostType='Wall', SourceDoc='ME-00001', HostDoc='', IP=(48.935,0.722,5.208)
[20:35:35]   Zone 6c8919ef-e5a7-bb03-804e-7efc809efd31: Category='Ducts', HostType='Wall', SourceDoc='ME-00001', HostDoc='', IP=(51.283,0.722,5.165)
[20:35:35]   Zone db86329e-1010-2021-a4c3-2b9e3e98021a: Category='Ducts', HostType='Wall', SourceDoc='ME-00001', HostDoc='', IP=(0.722,10.237,10.466)
[20:35:35] Checking Zone 30808e2b-18c0-40db-60c3-4208b93ac49e: Category='Ducts' vs Command='Ducts', HostType='Wall', SourceDoc='ME-00001', HostDoc=''
[20:35:35] ✅ Passed category filter
[20:35:35] ✅ Passed host type filter
[20:35:35] ✅ Passed reference file filter
[20:35:35] ✅ Passed host file filter
[20:35:35] Checking Zone 6c8919ef-e5a7-bb03-804e-7efc809efd31: Category='Ducts' vs Command='Ducts', HostType='Wall', SourceDoc='ME-00001', HostDoc=''
[20:35:35] ✅ Passed category filter
[20:35:35] ✅ Passed host type filter
[20:35:35] ✅ Passed reference file filter
[20:35:35] ✅ Passed host file filter
[20:35:35] Checking Zone db86329e-1010-2021-a4c3-2b9e3e98021a: Category='Ducts' vs Command='Ducts', HostType='Wall', SourceDoc='ME-00001', HostDoc=''
[20:35:35] ✅ Passed category filter
[20:35:35] ✅ Passed host type filter
[20:35:35] ✅ Passed reference file filter
[20:35:35] ✅ Passed host file filter
[20:35:35] Checking Zone 3674d177-7325-2b17-7e42-c79460bffd18: Category='Ducts' vs Command='Ducts', HostType='Wall', SourceDoc='ME-00001', HostDoc=''
[20:35:35] ✅ Passed category filter
[20:35:35] ✅ Passed host type filter
[20:35:35] ✅ Passed reference file filter
[20:35:35] ✅ Passed host file filter
[20:35:35] Checking Zone 23970e7f-c4be-e0c0-13ca-aa5427283ab4: Category='Ducts' vs Command='Ducts', HostType='Wall', SourceDoc='ME-00001', HostDoc=''
[20:35:35] ✅ Passed category filter
[20:35:35] ✅ Passed host type filter
[20:35:35] ✅ Passed reference file filter
[20:35:35] ✅ Passed host file filter
[20:35:35] Checking Zone 0d5bc810-bfb7-4bbb-2444-fa26b583ed82: Category='Ducts' vs Command='Ducts', HostType='Wall', SourceDoc='ME-00001', HostDoc=''
[20:35:35] ✅ Passed category filter
[20:35:35] ✅ Passed host type filter
[20:35:35] ✅ Passed reference file filter
[20:35:35] ✅ Passed host file filter
[20:35:35] Checking Zone 049cd767-5dd6-cd86-93b1-07e9c5e91455: Category='Ducts' vs Command='Ducts', HostType='Wall', SourceDoc='ME-00001', HostDoc=''
[20:35:35] ✅ Passed category filter
[20:35:35] ✅ Passed host type filter
[20:35:35] ✅ Passed reference file filter
[20:35:35] ✅ Passed host file filter
[20:35:35] Checking Zone e90a7cb6-bade-a0dc-0741-e6a350974656: Category='Ducts' vs Command='Ducts', HostType='Wall', SourceDoc='ME-00001', HostDoc=''
[20:35:35] ✅ Passed category filter
[20:35:35] ✅ Passed host type filter
[20:35:35] ✅ Passed reference file filter
[20:35:35] ✅ Passed host file filter
[20:35:35] Checking Zone 720e069c-a6a6-25fe-1056-445e5f0e7aac: Category='Ducts' vs Command='Ducts', HostType='Wall', SourceDoc='ME-00001', HostDoc=''
[20:35:35] ✅ Passed category filter
[20:35:35] ✅ Passed host type filter
[20:35:35] ✅ Passed reference file filter
[20:35:35] ✅ Passed host file filter
[20:35:35] Checking Zone 2031e5e3-284f-f716-e3f7-64ce8a6a00c9: Category='Ducts' vs Command='Ducts', HostType='Wall', SourceDoc='ME-00001', HostDoc=''
[20:35:35] ✅ Passed category filter
[20:35:35] ✅ Passed host type filter
[20:35:35] ✅ Passed reference file filter
[20:35:35] ✅ Passed host file filter
[20:35:35] Checking Zone edfd5dca-bdac-8a33-7ce4-78d2ff0b0cb4: Category='Ducts' vs Command='Ducts', HostType='Wall', SourceDoc='ME-00001', HostDoc=''
[20:35:35] ✅ Passed category filter
[20:35:35] ✅ Passed host type filter
[20:35:35] ✅ Passed reference file filter
[20:35:35] ✅ Passed host file filter
[20:35:35] Checking Zone a60cfb2c-6455-8967-4840-eaab7e13bdc5: Category='Ducts' vs Command='Ducts', HostType='Wall', SourceDoc='ME-00001', HostDoc=''
[20:35:35] ✅ Passed category filter
[20:35:35] ✅ Passed host type filter
[20:35:35] ✅ Passed reference file filter
[20:35:35] ✅ Passed host file filter
[20:35:35] Checking Zone df7fc73d-898f-9c2d-29b7-0c673b9b8c64: Category='Ducts' vs Command='Ducts', HostType='Wall', SourceDoc='ME-00001', HostDoc=''
[20:35:35] ✅ Passed category filter
[20:35:35] ✅ Passed host type filter
[20:35:35] ✅ Passed reference file filter
[20:35:35] ✅ Passed host file filter
[20:35:35] Checking Zone 9054642b-26fd-79c7-2d65-3ab037771243: Category='Ducts' vs Command='Ducts', HostType='Wall', SourceDoc='ME-00001', HostDoc=''
[20:35:35] ✅ Passed category filter
[20:35:35] ✅ Passed host type filter
[20:35:35] ✅ Passed reference file filter
[20:35:35] ✅ Passed host file filter
[20:35:35] Checking Zone ee69ca6f-52c2-6f16-eeb5-4979293fd1e6: Category='Ducts' vs Command='Ducts', HostType='Wall', SourceDoc='ME-00001', HostDoc=''
[20:35:35] ✅ Passed category filter
[20:35:35] ✅ Passed host type filter
[20:35:35] ✅ Passed reference file filter
[20:35:35] ✅ Passed host file filter
[20:35:35] Checking Zone b375875a-240b-b59a-2b68-bbf300a9145d: Category='Ducts' vs Command='Ducts', HostType='Wall', SourceDoc='ME-00001', HostDoc=''
[20:35:35] ✅ Passed category filter
[20:35:35] ✅ Passed host type filter
[20:35:35] ✅ Passed reference file filter
[20:35:35] ✅ Passed host file filter
[20:35:35] Checking Zone c2d60296-f2a7-fa6d-665e-941f035331b6: Category='Ducts' vs Command='Ducts', HostType='Wall', SourceDoc='ME-00001', HostDoc=''
[20:35:35] ✅ Passed category filter
[20:35:35] ✅ Passed host type filter
[20:35:35] ✅ Passed reference file filter
[20:35:35] ✅ Passed host file filter
[20:35:35] Checking Zone 661b5e54-02f1-b59b-07f2-b22b7fbdb183: Category='Ducts' vs Command='Ducts', HostType='Wall', SourceDoc='ME-00001', HostDoc=''
[20:35:35] ✅ Passed category filter
[20:35:35] ✅ Passed host type filter
[20:35:35] ✅ Passed reference file filter
[20:35:35] ✅ Passed host file filter
[20:35:35] Checking Zone 091186e8-2ce9-f546-bf55-e9084850265e: Category='Ducts' vs Command='Ducts', HostType='Wall', SourceDoc='ME-00001', HostDoc=''
[20:35:35] ✅ Passed category filter
[20:35:35] ✅ Passed host type filter
[20:35:35] ✅ Passed reference file filter
[20:35:35] ✅ Passed host file filter
[20:35:35] Checking Zone 3f3107a3-1ff4-60f2-bebc-a52a386aa2e0: Category='Ducts' vs Command='Ducts', HostType='Wall', SourceDoc='ME-00001', HostDoc=''
[20:35:35] ✅ Passed category filter
[20:35:35] ✅ Passed host type filter
[20:35:35] ✅ Passed reference file filter
[20:35:35] ✅ Passed host file filter
[20:35:35] Checking Zone e83315b6-5ebf-60fb-5a98-11b4612eb77f: Category='Ducts' vs Command='Ducts', HostType='Wall', SourceDoc='ME-00001', HostDoc=''
[20:35:35] ✅ Passed category filter
[20:35:35] ✅ Passed host type filter
[20:35:35] ✅ Passed reference file filter
[20:35:35] ✅ Passed host file filter
[20:35:35] Checking Zone f4ed0093-18c1-fe0c-b7e4-0dc9ce4e0a17: Category='Ducts' vs Command='Ducts', HostType='Wall', SourceDoc='ME-00001', HostDoc=''
[20:35:35] ✅ Passed category filter
[20:35:35] ✅ Passed host type filter
[20:35:35] ✅ Passed reference file filter
[20:35:35] ✅ Passed host file filter
[20:35:35] Checking Zone c52f27f2-825a-cee3-ff19-44780ebac505: Category='Ducts' vs Command='Ducts', HostType='Wall', SourceDoc='ME-00001', HostDoc=''
[20:35:35] ✅ Passed category filter
[20:35:35] ✅ Passed host type filter
[20:35:35] ✅ Passed reference file filter
[20:35:35] ✅ Passed host file filter
[20:35:35] 🔥 FILTERING COMPLETED: 23 -> 23 clash zones
[20:35:35] Filter breakdown: afterCategory=23, afterHostType=23, afterRefFile=23, afterHostFile=23, afterSection=23
[20:35:35] UI Selections: HostTypes=[Walls], RefFiles=[ME-00001], HostFiles=[AR-00001]
[2026-01-02 20:35:35.194] [20:35:35.193] [COMMAND] ✅ USING NEW SERVICE: NewSleevePlacerService (SRP-compliant)

[2026-01-02 20:35:35.221] [20:35:35.220] [COMMAND] ⚠️ FORCE DETECTION MODE ACTIVE: Will ignore saved data and recalculate all points

[2026-01-02 20:35:35.236] [20:35:35.235] [NewSleevePlacer] --- PLACEMENT START --- UseBatchedParameterWrites=True, Zones=23

[2026-01-02 20:35:35.238] [20:35:35.237] [NewSleevePlacer] ?? ZONE FLAGS: Total=23, IsResolved=0, IsClusterResolved=0

[2026-01-02 20:35:35.302] [20:35:35.301] [NewSleevePlacer] ?? ATTEMPTING PLACEMENT: Zone e90a7cb6-bade-a0dc-0741-e6a350974656, IsReplayPath=False, SleeveId=-1

[2026-01-02 20:35:35.308] [20:35:35.307] [NewSleevePlacer] ?? PlaceSleeveNormal START: Zone e90a7cb6-bade-a0dc-0741-e6a350974656, HasPlanningDto=False

[2026-01-02 20:35:35.344] [20:35:35.344] [NewSleevePlacer] ?? FINAL DIMENSIONS: Zone e90a7cb6-bade-a0dc-0741-e6a350974656, W=1.148294ft (350.0mm), H=1.148294ft (350.0mm), D=1.148294ft (350.0mm), Circular=False

[2026-01-02 20:35:35.346] [20:35:35.344] [NewSleevePlacer] ?? FAMILY: Zone e90a7cb6-bade-a0dc-0741-e6a350974656, FamilyName='RectangularOpeningOnWall'

[2026-01-02 20:35:35.364] [20:35:35.363] [PlacementPointAdjustment] 🔄 SKIPPING CACHE (Linked Element): Zone e90a7cb6-bade-a0dc-0741-e6a350974656, HostId=321070 is in linked doc 'AR-00001' - using robust fallback

[2026-01-02 20:35:35.365] [20:35:35.365] [PlacementPointAdjustment] 🔍 SLEEVE PLACEMENT POINT CHECK: Zone e90a7cb6-bade-a0dc-0741-e6a350974656, HasSleevePlacementPoint=False, SleevePlacementPointX=0.000000ft (0.0mm), SleevePlacementPointY=0.000000ft (0.0mm), SleevePlacementPointZ=0.000000ft (0.0mm), PlacementPoint (Input)=(24.176612ft, 0.721785ft, 10.416667ft)

[2026-01-02 20:35:35.367] [20:35:35.366] [PlacementPointAdjustment] ✅ USING WALL CENTERLINE POINT: Zone e90a7cb6-bade-a0dc-0741-e6a350974656, WallCenterlinePoint=(24.176612ft, 1.049869ft, 10.416667ft), ForceMode=True

[2026-01-02 20:35:35.370] [20:35:35.370] [NewSleevePlacer] ?? PLACEMENT POINT: Zone e90a7cb6-bade-a0dc-0741-e6a350974656, Point=(24.177, 1.050, 10.417)

[2026-01-02 20:35:35.439] [20:35:35.438] [NewSleevePlacer] ? INSTANCE CREATED: Zone e90a7cb6-bade-a0dc-0741-e6a350974656, InstanceId=1210476

[2026-01-02 20:35:35.443] [20:35:35.442] [SleeveParameterService] [PARAMETERS] Zone=e90a7cb6-bade-a0dc-0741-e6a350974656, Sleeve=1210476, Width=350.0mm, Height=350.0mm, Diameter=350.0mm

[2026-01-02 20:35:35.455] [20:35:35.455] [SleeveParameterService] ✅ IMMEDIATE (CRITICAL): Set 'Sleeve Instance ID'=1210476 for sleeve 1210476

[2026-01-02 20:35:35.459] [20:35:35.458] [SleeveParameterService] ✅ IMMEDIATE: Set 'MEP_ElementId'=735336 for sleeve 1210476

[2026-01-02 20:35:35.469] [20:35:35.468] [SleeveParameterService] [SCHEDULE-LEVEL] ✅ Zone=e90a7cb6-bade-a0dc-0741-e6a350974656, Sleeve=1210476: Found Level 'Level 0' from MepElementLevelName (database - extracted during refresh) - CACHED

[2026-01-02 20:35:35.472] [20:35:35.471] [SleeveParameterService] [SCHEDULE-LEVEL] ✅ Zone=e90a7cb6-bade-a0dc-0741-e6a350974656, Sleeve=1210476: Set 'Schedule Level' to 'Level 0' (ID: 311, StorageType=ElementId) - CACHED PARAMETER

[2026-01-02 20:35:35.489] [20:35:35.488] [SleeveParameterService] [BOTTOM-OF-OPENING] 🔍 ENTRY: Zone=e90a7cb6-bade-a0dc-0741-e6a350974656, Sleeve=1210476, Height=350.0mm

[2026-01-02 20:35:35.494] [20:35:35.493] [BOTTOM-OF-OPENING] 🔍 Found Level Below: 'Level 0' at 0.0mm for Sleeve at 3175.0mm

[2026-01-02 20:35:35.495] [20:35:35.495] [SleeveParameterService] [BOTTOM-OF-OPENING] ⚙️ Z-COORDINATE CALC: Sleeve=1210476, Z=3175.0mm, LevelElev=0.0mm, Result=3175.0mm

[2026-01-02 20:35:35.497] [20:35:35.496] [SleeveParameterService] [BOTTOM-OF-OPENING] 🔍 DIAGNOSTIC: Zone=e90a7cb6-bade-a0dc-0741-e6a350974656, Sleeve=1210476
  - elevationFromLevel (read from param): 10.4166666666666 (3175.0mm)
  - scheduleOfLevel (for calculation): 10.4166666666666 (3175.0mm)
  - height: 1.14829396325459 (350.0mm)

[2026-01-02 20:35:35.499] [20:35:35.498] [SleeveParameterService] [BOTTOM-OF-OPENING] 🔍 CALCULATION RESULT: Zone=e90a7cb6-bade-a0dc-0741-e6a350974656, Sleeve=1210476
  - Input: scheduleOfLevel=10.4166666666666 (3175.0mm), height=1.14829396325459 (350.0mm)
  - Formula: bottomOfOpening = scheduleOfLevel - (height / 2.0) = 10.4166666666666 - (1.14829396325459 / 2.0) = 9.84251968503935
  - Calculated result: 9.84251968503935 (3000.0mm)

[2026-01-02 20:35:35.501] [20:35:35.500] [SleeveParameterService] [BOTTOM-OF-OPENING] 🔍 BEFORE SETTING: Zone=e90a7cb6-bade-a0dc-0741-e6a350974656, Sleeve=1210476
  - Parameter name: 'Bottom Of Opening'
  - Parameter storage type: Double
  - Parameter is read-only: False
  - Value to set: 9.84251968503935 (3000.0mm)
  - UseBatchedParameterWrites: True

[2026-01-02 20:35:35.502] [20:35:35.502] [SleeveParameterService] [BOTTOM-OF-OPENING] ✅ DEFERRED: Zone=e90a7cb6-bade-a0dc-0741-e6a350974656, Sleeve=1210476: Added to deferred parameters: Bottom Of Opening=3000.0mm (will be flushed later)

[2026-01-02 20:35:35.506] [20:35:35.506] [NewSleevePlacer] ? PLACED: Zone e90a7cb6-bade-a0dc-0741-e6a350974656, SleeveId=1210476

[2026-01-02 20:35:35.507] [20:35:35.506] [NewSleevePlacer] ? SET FLAG: Zone e90a7cb6-bade-a0dc-0741-e6a350974656: IsResolved=true, SleeveId=1210476

[2026-01-02 20:35:35.519] [20:35:35.519] [NewSleevePlacer] ? IMMEDIATE DB UPDATE: Set SleeveInstanceId=1210476 for zone e90a7cb6-bade-a0dc-0741-e6a350974656

[2026-01-02 20:35:35.522] [20:35:35.521] [NewSleevePlacer] ?? ATTEMPTING PLACEMENT: Zone edfd5dca-bdac-8a33-7ce4-78d2ff0b0cb4, IsReplayPath=False, SleeveId=-1

[2026-01-02 20:35:35.523] [20:35:35.523] [NewSleevePlacer] ?? PlaceSleeveNormal START: Zone edfd5dca-bdac-8a33-7ce4-78d2ff0b0cb4, HasPlanningDto=False

[2026-01-02 20:35:35.535] [20:35:35.534] [NewSleevePlacer] ?? FINAL DIMENSIONS: Zone edfd5dca-bdac-8a33-7ce4-78d2ff0b0cb4, W=1.148294ft (350.0mm), H=1.148294ft (350.0mm), D=1.148294ft (350.0mm), Circular=False

[2026-01-02 20:35:35.537] [20:35:35.536] [NewSleevePlacer] ?? FAMILY: Zone edfd5dca-bdac-8a33-7ce4-78d2ff0b0cb4, FamilyName='RectangularOpeningOnWall'

[2026-01-02 20:35:35.542] [20:35:35.542] [PlacementPointAdjustment] 🔄 SKIPPING CACHE (Linked Element): Zone edfd5dca-bdac-8a33-7ce4-78d2ff0b0cb4, HostId=321070 is in linked doc 'AR-00001' - using robust fallback

[2026-01-02 20:35:35.544] [20:35:35.543] [PlacementPointAdjustment] 🔍 SLEEVE PLACEMENT POINT CHECK: Zone edfd5dca-bdac-8a33-7ce4-78d2ff0b0cb4, HasSleevePlacementPoint=False, SleevePlacementPointX=0.000000ft (0.0mm), SleevePlacementPointY=0.000000ft (0.0mm), SleevePlacementPointZ=0.000000ft (0.0mm), PlacementPoint (Input)=(35.252625ft, 0.721785ft, 4.839239ft)

[2026-01-02 20:35:35.546] [20:35:35.545] [PlacementPointAdjustment] ✅ USING WALL CENTERLINE POINT: Zone edfd5dca-bdac-8a33-7ce4-78d2ff0b0cb4, WallCenterlinePoint=(35.252625ft, 1.049869ft, 4.839239ft), ForceMode=True

[2026-01-02 20:35:35.548] [20:35:35.548] [NewSleevePlacer] ?? PLACEMENT POINT: Zone edfd5dca-bdac-8a33-7ce4-78d2ff0b0cb4, Point=(35.253, 1.050, 4.839)

[2026-01-02 20:35:35.578] [20:35:35.577] [NewSleevePlacer] ? INSTANCE CREATED: Zone edfd5dca-bdac-8a33-7ce4-78d2ff0b0cb4, InstanceId=1210485

[2026-01-02 20:35:35.580] [20:35:35.579] [SleeveParameterService] [PARAMETERS] Zone=edfd5dca-bdac-8a33-7ce4-78d2ff0b0cb4, Sleeve=1210485, Width=350.0mm, Height=350.0mm, Diameter=350.0mm

[2026-01-02 20:35:35.585] [20:35:35.585] [SleeveParameterService] ✅ IMMEDIATE (CRITICAL): Set 'Sleeve Instance ID'=1210485 for sleeve 1210485

[2026-01-02 20:35:35.587] [20:35:35.586] [SleeveParameterService] ✅ IMMEDIATE: Set 'MEP_ElementId'=735733 for sleeve 1210485

[2026-01-02 20:35:35.589] [20:35:35.588] [SleeveParameterService] [SCHEDULE-LEVEL] ✅ Zone=edfd5dca-bdac-8a33-7ce4-78d2ff0b0cb4, Sleeve=1210485: Found Level 'Level 0' from MepElementLevelName (database - extracted during refresh) - CACHED

[2026-01-02 20:35:35.591] [20:35:35.590] [SleeveParameterService] [SCHEDULE-LEVEL] ✅ Zone=edfd5dca-bdac-8a33-7ce4-78d2ff0b0cb4, Sleeve=1210485: Set 'Schedule Level' to 'Level 0' (ID: 311, StorageType=ElementId) - CACHED PARAMETER

[2026-01-02 20:35:35.593] [20:35:35.592] [SleeveParameterService] [BOTTOM-OF-OPENING] 🔍 ENTRY: Zone=edfd5dca-bdac-8a33-7ce4-78d2ff0b0cb4, Sleeve=1210485, Height=350.0mm

[2026-01-02 20:35:35.595] [20:35:35.594] [BOTTOM-OF-OPENING] 🔍 Found Level Below: 'Level 0' at 0.0mm for Sleeve at 1475.0mm

[2026-01-02 20:35:35.597] [20:35:35.596] [SleeveParameterService] [BOTTOM-OF-OPENING] ⚙️ Z-COORDINATE CALC: Sleeve=1210485, Z=1475.0mm, LevelElev=0.0mm, Result=1475.0mm

[2026-01-02 20:35:35.598] [20:35:35.598] [SleeveParameterService] [BOTTOM-OF-OPENING] 🔍 DIAGNOSTIC: Zone=edfd5dca-bdac-8a33-7ce4-78d2ff0b0cb4, Sleeve=1210485
  - elevationFromLevel (read from param): 4.83923884514436 (1475.0mm)
  - scheduleOfLevel (for calculation): 4.83923884514436 (1475.0mm)
  - height: 1.14829396325459 (350.0mm)

[2026-01-02 20:35:35.600] [20:35:35.599] [SleeveParameterService] [BOTTOM-OF-OPENING] 🔍 CALCULATION RESULT: Zone=edfd5dca-bdac-8a33-7ce4-78d2ff0b0cb4, Sleeve=1210485
  - Input: scheduleOfLevel=4.83923884514436 (1475.0mm), height=1.14829396325459 (350.0mm)
  - Formula: bottomOfOpening = scheduleOfLevel - (height / 2.0) = 4.83923884514436 - (1.14829396325459 / 2.0) = 4.26509186351706
  - Calculated result: 4.26509186351706 (1300.0mm)

[2026-01-02 20:35:35.602] [20:35:35.601] [SleeveParameterService] [BOTTOM-OF-OPENING] 🔍 BEFORE SETTING: Zone=edfd5dca-bdac-8a33-7ce4-78d2ff0b0cb4, Sleeve=1210485
  - Parameter name: 'Bottom Of Opening'
  - Parameter storage type: Double
  - Parameter is read-only: False
  - Value to set: 4.26509186351706 (1300.0mm)
  - UseBatchedParameterWrites: True

[2026-01-02 20:35:35.603] [20:35:35.602] [SleeveParameterService] [BOTTOM-OF-OPENING] ✅ DEFERRED: Zone=edfd5dca-bdac-8a33-7ce4-78d2ff0b0cb4, Sleeve=1210485: Added to deferred parameters: Bottom Of Opening=1300.0mm (will be flushed later)

[2026-01-02 20:35:35.606] [20:35:35.605] [NewSleevePlacer] ? PLACED: Zone edfd5dca-bdac-8a33-7ce4-78d2ff0b0cb4, SleeveId=1210485

[2026-01-02 20:35:35.607] [20:35:35.607] [NewSleevePlacer] ? SET FLAG: Zone edfd5dca-bdac-8a33-7ce4-78d2ff0b0cb4: IsResolved=true, SleeveId=1210485

[2026-01-02 20:35:35.613] [20:35:35.613] [NewSleevePlacer] ? IMMEDIATE DB UPDATE: Set SleeveInstanceId=1210485 for zone edfd5dca-bdac-8a33-7ce4-78d2ff0b0cb4

[2026-01-02 20:35:35.615] [20:35:35.614] [NewSleevePlacer] ?? ATTEMPTING PLACEMENT: Zone a60cfb2c-6455-8967-4840-eaab7e13bdc5, IsReplayPath=False, SleeveId=-1

[2026-01-02 20:35:35.617] [20:35:35.616] [NewSleevePlacer] ?? PlaceSleeveNormal START: Zone a60cfb2c-6455-8967-4840-eaab7e13bdc5, HasPlanningDto=False

[2026-01-02 20:35:35.629] [20:35:35.628] [NewSleevePlacer] ?? FINAL DIMENSIONS: Zone a60cfb2c-6455-8967-4840-eaab7e13bdc5, W=1.148294ft (350.0mm), H=1.148294ft (350.0mm), D=1.148294ft (350.0mm), Circular=False

[2026-01-02 20:35:35.631] [20:35:35.630] [NewSleevePlacer] ?? FAMILY: Zone a60cfb2c-6455-8967-4840-eaab7e13bdc5, FamilyName='RectangularOpeningOnWall'

[2026-01-02 20:35:35.635] [20:35:35.635] [PlacementPointAdjustment] 🔄 SKIPPING CACHE (Linked Element): Zone a60cfb2c-6455-8967-4840-eaab7e13bdc5, HostId=321070 is in linked doc 'AR-00001' - using robust fallback

[2026-01-02 20:35:35.650] [20:35:35.636] [PlacementPointAdjustment] 🔍 SLEEVE PLACEMENT POINT CHECK: Zone a60cfb2c-6455-8967-4840-eaab7e13bdc5, HasSleevePlacementPoint=False, SleevePlacementPointX=0.000000ft (0.0mm), SleevePlacementPointY=0.000000ft (0.0mm), SleevePlacementPointZ=0.000000ft (0.0mm), PlacementPoint (Input)=(35.252625ft, 0.721785ft, 10.416667ft)

[2026-01-02 20:35:35.652] [20:35:35.651] [PlacementPointAdjustment] ✅ USING WALL CENTERLINE POINT: Zone a60cfb2c-6455-8967-4840-eaab7e13bdc5, WallCenterlinePoint=(35.252625ft, 1.049869ft, 10.416667ft), ForceMode=True

[2026-01-02 20:35:35.654] [20:35:35.654] [NewSleevePlacer] ?? PLACEMENT POINT: Zone a60cfb2c-6455-8967-4840-eaab7e13bdc5, Point=(35.253, 1.050, 10.417)

[2026-01-02 20:35:35.684] [20:35:35.683] [NewSleevePlacer] ? INSTANCE CREATED: Zone a60cfb2c-6455-8967-4840-eaab7e13bdc5, InstanceId=1210492

[2026-01-02 20:35:35.686] [20:35:35.685] [SleeveParameterService] [PARAMETERS] Zone=a60cfb2c-6455-8967-4840-eaab7e13bdc5, Sleeve=1210492, Width=350.0mm, Height=350.0mm, Diameter=350.0mm

[2026-01-02 20:35:35.692] [20:35:35.691] [SleeveParameterService] ✅ IMMEDIATE (CRITICAL): Set 'Sleeve Instance ID'=1210492 for sleeve 1210492

[2026-01-02 20:35:35.694] [20:35:35.693] [SleeveParameterService] ✅ IMMEDIATE: Set 'MEP_ElementId'=735808 for sleeve 1210492

[2026-01-02 20:35:35.696] [20:35:35.695] [SleeveParameterService] [SCHEDULE-LEVEL] ✅ Zone=a60cfb2c-6455-8967-4840-eaab7e13bdc5, Sleeve=1210492: Found Level 'Level 0' from MepElementLevelName (database - extracted during refresh) - CACHED

[2026-01-02 20:35:35.697] [20:35:35.697] [SleeveParameterService] [SCHEDULE-LEVEL] ✅ Zone=a60cfb2c-6455-8967-4840-eaab7e13bdc5, Sleeve=1210492: Set 'Schedule Level' to 'Level 0' (ID: 311, StorageType=ElementId) - CACHED PARAMETER

[2026-01-02 20:35:35.698] [20:35:35.697] [SleeveParameterService] [BOTTOM-OF-OPENING] 🔍 ENTRY: Zone=a60cfb2c-6455-8967-4840-eaab7e13bdc5, Sleeve=1210492, Height=350.0mm

[2026-01-02 20:35:35.701] [20:35:35.699] [BOTTOM-OF-OPENING] 🔍 Found Level Below: 'Level 0' at 0.0mm for Sleeve at 3175.0mm

[2026-01-02 20:35:35.702] [20:35:35.702] [SleeveParameterService] [BOTTOM-OF-OPENING] ⚙️ Z-COORDINATE CALC: Sleeve=1210492, Z=3175.0mm, LevelElev=0.0mm, Result=3175.0mm

[2026-01-02 20:35:35.704] [20:35:35.703] [SleeveParameterService] [BOTTOM-OF-OPENING] 🔍 DIAGNOSTIC: Zone=a60cfb2c-6455-8967-4840-eaab7e13bdc5, Sleeve=1210492
  - elevationFromLevel (read from param): 10.4166666666667 (3175.0mm)
  - scheduleOfLevel (for calculation): 10.4166666666667 (3175.0mm)
  - height: 1.14829396325459 (350.0mm)

[2026-01-02 20:35:35.705] [20:35:35.705] [SleeveParameterService] [BOTTOM-OF-OPENING] 🔍 CALCULATION RESULT: Zone=a60cfb2c-6455-8967-4840-eaab7e13bdc5, Sleeve=1210492
  - Input: scheduleOfLevel=10.4166666666667 (3175.0mm), height=1.14829396325459 (350.0mm)
  - Formula: bottomOfOpening = scheduleOfLevel - (height / 2.0) = 10.4166666666667 - (1.14829396325459 / 2.0) = 9.84251968503937
  - Calculated result: 9.84251968503937 (3000.0mm)

[2026-01-02 20:35:35.707] [20:35:35.706] [SleeveParameterService] [BOTTOM-OF-OPENING] 🔍 BEFORE SETTING: Zone=a60cfb2c-6455-8967-4840-eaab7e13bdc5, Sleeve=1210492
  - Parameter name: 'Bottom Of Opening'
  - Parameter storage type: Double
  - Parameter is read-only: False
  - Value to set: 9.84251968503937 (3000.0mm)
  - UseBatchedParameterWrites: True

[2026-01-02 20:35:35.709] [20:35:35.708] [SleeveParameterService] [BOTTOM-OF-OPENING] ✅ DEFERRED: Zone=a60cfb2c-6455-8967-4840-eaab7e13bdc5, Sleeve=1210492: Added to deferred parameters: Bottom Of Opening=3000.0mm (will be flushed later)

[2026-01-02 20:35:35.712] [20:35:35.711] [NewSleevePlacer] ? PLACED: Zone a60cfb2c-6455-8967-4840-eaab7e13bdc5, SleeveId=1210492

[2026-01-02 20:35:35.714] [20:35:35.713] [NewSleevePlacer] ? SET FLAG: Zone a60cfb2c-6455-8967-4840-eaab7e13bdc5: IsResolved=true, SleeveId=1210492

[2026-01-02 20:35:35.720] [20:35:35.719] [NewSleevePlacer] ? IMMEDIATE DB UPDATE: Set SleeveInstanceId=1210492 for zone a60cfb2c-6455-8967-4840-eaab7e13bdc5

[2026-01-02 20:35:35.722] [20:35:35.721] [NewSleevePlacer] ?? ATTEMPTING PLACEMENT: Zone db86329e-1010-2021-a4c3-2b9e3e98021a, IsReplayPath=False, SleeveId=-1

[2026-01-02 20:35:35.723] [20:35:35.723] [NewSleevePlacer] ?? PlaceSleeveNormal START: Zone db86329e-1010-2021-a4c3-2b9e3e98021a, HasPlanningDto=False

[2026-01-02 20:35:35.735] [20:35:35.734] [NewSleevePlacer] ?? FINAL DIMENSIONS: Zone db86329e-1010-2021-a4c3-2b9e3e98021a, W=1.968504ft (600.0mm), H=1.312336ft (400.0mm), D=1.968504ft (600.0mm), Circular=False

[2026-01-02 20:35:35.737] [20:35:35.736] [NewSleevePlacer] ?? FAMILY: Zone db86329e-1010-2021-a4c3-2b9e3e98021a, FamilyName='RectangularOpeningOnWall'

[2026-01-02 20:35:35.742] [20:35:35.741] [PlacementPointAdjustment] 🔄 SKIPPING CACHE (Linked Element): Zone db86329e-1010-2021-a4c3-2b9e3e98021a, HostId=321069 is in linked doc 'AR-00001' - using robust fallback

[2026-01-02 20:35:35.744] [20:35:35.743] [PlacementPointAdjustment] 🔍 SLEEVE PLACEMENT POINT CHECK: Zone db86329e-1010-2021-a4c3-2b9e3e98021a, HasSleevePlacementPoint=False, SleevePlacementPointX=0.000000ft (0.0mm), SleevePlacementPointY=0.000000ft (0.0mm), SleevePlacementPointZ=0.000000ft (0.0mm), PlacementPoint (Input)=(0.721785ft, 10.237219ft, 10.465879ft)

[2026-01-02 20:35:35.745] [20:35:35.745] [PlacementPointAdjustment] ✅ USING WALL CENTERLINE POINT: Zone db86329e-1010-2021-a4c3-2b9e3e98021a, WallCenterlinePoint=(1.049869ft, 10.237219ft, 10.465879ft), ForceMode=True

[2026-01-02 20:35:35.748] [20:35:35.748] [NewSleevePlacer] ?? PLACEMENT POINT: Zone db86329e-1010-2021-a4c3-2b9e3e98021a, Point=(1.050, 10.237, 10.466)

[2026-01-02 20:35:35.772] [20:35:35.771] [NewSleevePlacer] ? INSTANCE CREATED: Zone db86329e-1010-2021-a4c3-2b9e3e98021a, InstanceId=1210499

[2026-01-02 20:35:35.774] [20:35:35.773] [SleeveParameterService] [PARAMETERS] Zone=db86329e-1010-2021-a4c3-2b9e3e98021a, Sleeve=1210499, Width=600.0mm, Height=400.0mm, Diameter=600.0mm

[2026-01-02 20:35:35.780] [20:35:35.779] [SleeveParameterService] ✅ IMMEDIATE (CRITICAL): Set 'Sleeve Instance ID'=1210499 for sleeve 1210499

[2026-01-02 20:35:35.781] [20:35:35.781] [SleeveParameterService] ✅ IMMEDIATE: Set 'MEP_ElementId'=730902 for sleeve 1210499

[2026-01-02 20:35:35.783] [20:35:35.782] [SleeveParameterService] [SCHEDULE-LEVEL] ✅ Zone=db86329e-1010-2021-a4c3-2b9e3e98021a, Sleeve=1210499: Found Level 'Level 0' from MepElementLevelName (database - extracted during refresh) - CACHED

[2026-01-02 20:35:35.785] [20:35:35.784] [SleeveParameterService] [SCHEDULE-LEVEL] ✅ Zone=db86329e-1010-2021-a4c3-2b9e3e98021a, Sleeve=1210499: Set 'Schedule Level' to 'Level 0' (ID: 311, StorageType=ElementId) - CACHED PARAMETER

[2026-01-02 20:35:35.786] [20:35:35.786] [SleeveParameterService] [BOTTOM-OF-OPENING] 🔍 ENTRY: Zone=db86329e-1010-2021-a4c3-2b9e3e98021a, Sleeve=1210499, Height=400.0mm

[2026-01-02 20:35:35.788] [20:35:35.787] [BOTTOM-OF-OPENING] 🔍 Found Level Below: 'Level 0' at 0.0mm for Sleeve at 3190.0mm

[2026-01-02 20:35:35.790] [20:35:35.789] [SleeveParameterService] [BOTTOM-OF-OPENING] ⚙️ Z-COORDINATE CALC: Sleeve=1210499, Z=3190.0mm, LevelElev=0.0mm, Result=3190.0mm

[2026-01-02 20:35:35.791] [20:35:35.791] [SleeveParameterService] [BOTTOM-OF-OPENING] 🔍 DIAGNOSTIC: Zone=db86329e-1010-2021-a4c3-2b9e3e98021a, Sleeve=1210499
  - elevationFromLevel (read from param): 10.4658792650919 (3190.0mm)
  - scheduleOfLevel (for calculation): 10.4658792650919 (3190.0mm)
  - height: 1.31233595800525 (400.0mm)

[2026-01-02 20:35:35.793] [20:35:35.792] [SleeveParameterService] [BOTTOM-OF-OPENING] 🔍 CALCULATION RESULT: Zone=db86329e-1010-2021-a4c3-2b9e3e98021a, Sleeve=1210499
  - Input: scheduleOfLevel=10.4658792650919 (3190.0mm), height=1.31233595800525 (400.0mm)
  - Formula: bottomOfOpening = scheduleOfLevel - (height / 2.0) = 10.4658792650919 - (1.31233595800525 / 2.0) = 9.80971128608924
  - Calculated result: 9.80971128608924 (2990.0mm)

[2026-01-02 20:35:35.795] [20:35:35.794] [SleeveParameterService] [BOTTOM-OF-OPENING] 🔍 BEFORE SETTING: Zone=db86329e-1010-2021-a4c3-2b9e3e98021a, Sleeve=1210499
  - Parameter name: 'Bottom Of Opening'
  - Parameter storage type: Double
  - Parameter is read-only: False
  - Value to set: 9.80971128608924 (2990.0mm)
  - UseBatchedParameterWrites: True

[2026-01-02 20:35:35.796] [20:35:35.796] [SleeveParameterService] [BOTTOM-OF-OPENING] ✅ DEFERRED: Zone=db86329e-1010-2021-a4c3-2b9e3e98021a, Sleeve=1210499: Added to deferred parameters: Bottom Of Opening=2990.0mm (will be flushed later)

[2026-01-02 20:35:35.800] [20:35:35.799] [NewSleevePlacer] ? PLACED: Zone db86329e-1010-2021-a4c3-2b9e3e98021a, SleeveId=1210499

[2026-01-02 20:35:35.801] [20:35:35.800] [NewSleevePlacer] ? SET FLAG: Zone db86329e-1010-2021-a4c3-2b9e3e98021a: IsResolved=true, SleeveId=1210499

[2026-01-02 20:35:35.806] [20:35:35.806] [NewSleevePlacer] ? IMMEDIATE DB UPDATE: Set SleeveInstanceId=1210499 for zone db86329e-1010-2021-a4c3-2b9e3e98021a

[2026-01-02 20:35:35.809] [20:35:35.808] [NewSleevePlacer] ?? ATTEMPTING PLACEMENT: Zone 0d5bc810-bfb7-4bbb-2444-fa26b583ed82, IsReplayPath=False, SleeveId=-1

[2026-01-02 20:35:35.810] [20:35:35.810] [NewSleevePlacer] ?? PlaceSleeveNormal START: Zone 0d5bc810-bfb7-4bbb-2444-fa26b583ed82, HasPlanningDto=False

[2026-01-02 20:35:35.822] [20:35:35.821] [NewSleevePlacer] ?? FINAL DIMENSIONS: Zone 0d5bc810-bfb7-4bbb-2444-fa26b583ed82, W=1.968504ft (600.0mm), H=1.968504ft (600.0mm), D=1.968504ft (600.0mm), Circular=False

[2026-01-02 20:35:35.823] [20:35:35.823] [NewSleevePlacer] ?? FAMILY: Zone 0d5bc810-bfb7-4bbb-2444-fa26b583ed82, FamilyName='RectangularOpeningOnWall'

[2026-01-02 20:35:35.830] [20:35:35.829] [PlacementPointAdjustment] 🔄 SKIPPING CACHE (Linked Element): Zone 0d5bc810-bfb7-4bbb-2444-fa26b583ed82, HostId=321070 is in linked doc 'AR-00001' - using robust fallback

[2026-01-02 20:35:35.831] [20:35:35.830] [PlacementPointAdjustment] 🔍 SLEEVE PLACEMENT POINT CHECK: Zone 0d5bc810-bfb7-4bbb-2444-fa26b583ed82, HasSleevePlacementPoint=False, SleevePlacementPointX=0.000000ft (0.0mm), SleevePlacementPointY=0.000000ft (0.0mm), SleevePlacementPointZ=0.000000ft (0.0mm), PlacementPoint (Input)=(16.551837ft, 0.721785ft, 4.511155ft)

[2026-01-02 20:35:35.832] [20:35:35.832] [PlacementPointAdjustment] ✅ USING WALL CENTERLINE POINT: Zone 0d5bc810-bfb7-4bbb-2444-fa26b583ed82, WallCenterlinePoint=(16.551837ft, 1.049869ft, 4.511155ft), ForceMode=True

[2026-01-02 20:35:35.836] [20:35:35.835] [NewSleevePlacer] ?? PLACEMENT POINT: Zone 0d5bc810-bfb7-4bbb-2444-fa26b583ed82, Point=(16.552, 1.050, 4.511)

[2026-01-02 20:35:35.865] [20:35:35.865] [NewSleevePlacer] ? INSTANCE CREATED: Zone 0d5bc810-bfb7-4bbb-2444-fa26b583ed82, InstanceId=1210506

[2026-01-02 20:35:35.867] [20:35:35.866] [SleeveParameterService] [PARAMETERS] Zone=0d5bc810-bfb7-4bbb-2444-fa26b583ed82, Sleeve=1210506, Width=600.0mm, Height=600.0mm, Diameter=600.0mm

[2026-01-02 20:35:35.873] [20:35:35.872] [SleeveParameterService] ✅ IMMEDIATE (CRITICAL): Set 'Sleeve Instance ID'=1210506 for sleeve 1210506

[2026-01-02 20:35:35.875] [20:35:35.874] [SleeveParameterService] ✅ IMMEDIATE: Set 'MEP_ElementId'=735155 for sleeve 1210506

[2026-01-02 20:35:35.876] [20:35:35.876] [SleeveParameterService] [SCHEDULE-LEVEL] ✅ Zone=0d5bc810-bfb7-4bbb-2444-fa26b583ed82, Sleeve=1210506: Found Level 'Level 0' from MepElementLevelName (database - extracted during refresh) - CACHED

[2026-01-02 20:35:35.878] [20:35:35.877] [SleeveParameterService] [SCHEDULE-LEVEL] ✅ Zone=0d5bc810-bfb7-4bbb-2444-fa26b583ed82, Sleeve=1210506: Set 'Schedule Level' to 'Level 0' (ID: 311, StorageType=ElementId) - CACHED PARAMETER

[2026-01-02 20:35:35.880] [20:35:35.879] [SleeveParameterService] [BOTTOM-OF-OPENING] 🔍 ENTRY: Zone=0d5bc810-bfb7-4bbb-2444-fa26b583ed82, Sleeve=1210506, Height=600.0mm

[2026-01-02 20:35:35.881] [20:35:35.881] [BOTTOM-OF-OPENING] 🔍 Found Level Below: 'Level 0' at 0.0mm for Sleeve at 1375.0mm

[2026-01-02 20:35:35.883] [20:35:35.882] [SleeveParameterService] [BOTTOM-OF-OPENING] ⚙️ Z-COORDINATE CALC: Sleeve=1210506, Z=1375.0mm, LevelElev=0.0mm, Result=1375.0mm

[2026-01-02 20:35:35.885] [20:35:35.885] [SleeveParameterService] [BOTTOM-OF-OPENING] 🔍 DIAGNOSTIC: Zone=0d5bc810-bfb7-4bbb-2444-fa26b583ed82, Sleeve=1210506
  - elevationFromLevel (read from param): 4.51115485564304 (1375.0mm)
  - scheduleOfLevel (for calculation): 4.51115485564304 (1375.0mm)
  - height: 1.96850393700787 (600.0mm)

[2026-01-02 20:35:35.887] [20:35:35.886] [SleeveParameterService] [BOTTOM-OF-OPENING] 🔍 CALCULATION RESULT: Zone=0d5bc810-bfb7-4bbb-2444-fa26b583ed82, Sleeve=1210506
  - Input: scheduleOfLevel=4.51115485564304 (1375.0mm), height=1.96850393700787 (600.0mm)
  - Formula: bottomOfOpening = scheduleOfLevel - (height / 2.0) = 4.51115485564304 - (1.96850393700787 / 2.0) = 3.52690288713911
  - Calculated result: 3.52690288713911 (1075.0mm)

[2026-01-02 20:35:35.889] [20:35:35.888] [SleeveParameterService] [BOTTOM-OF-OPENING] 🔍 BEFORE SETTING: Zone=0d5bc810-bfb7-4bbb-2444-fa26b583ed82, Sleeve=1210506
  - Parameter name: 'Bottom Of Opening'
  - Parameter storage type: Double
  - Parameter is read-only: False
  - Value to set: 3.52690288713911 (1075.0mm)
  - UseBatchedParameterWrites: True

[2026-01-02 20:35:35.890] [20:35:35.889] [SleeveParameterService] [BOTTOM-OF-OPENING] ✅ DEFERRED: Zone=0d5bc810-bfb7-4bbb-2444-fa26b583ed82, Sleeve=1210506: Added to deferred parameters: Bottom Of Opening=1075.0mm (will be flushed later)

[2026-01-02 20:35:35.893] [20:35:35.892] [NewSleevePlacer] ? PLACED: Zone 0d5bc810-bfb7-4bbb-2444-fa26b583ed82, SleeveId=1210506

[2026-01-02 20:35:35.896] [20:35:35.894] [NewSleevePlacer] ? SET FLAG: Zone 0d5bc810-bfb7-4bbb-2444-fa26b583ed82: IsResolved=true, SleeveId=1210506

[2026-01-02 20:35:35.901] [20:35:35.900] [NewSleevePlacer] ? IMMEDIATE DB UPDATE: Set SleeveInstanceId=1210506 for zone 0d5bc810-bfb7-4bbb-2444-fa26b583ed82

[2026-01-02 20:35:35.903] [20:35:35.902] [NewSleevePlacer] ?? ATTEMPTING PLACEMENT: Zone 9054642b-26fd-79c7-2d65-3ab037771243, IsReplayPath=False, SleeveId=-1

[2026-01-02 20:35:35.904] [20:35:35.903] [NewSleevePlacer] ?? PlaceSleeveNormal START: Zone 9054642b-26fd-79c7-2d65-3ab037771243, HasPlanningDto=False

[2026-01-02 20:35:35.916] [20:35:35.916] [NewSleevePlacer] ?? FINAL DIMENSIONS: Zone 9054642b-26fd-79c7-2d65-3ab037771243, W=1.968504ft (600.0mm), H=1.312336ft (400.0mm), D=1.968504ft (600.0mm), Circular=False

[2026-01-02 20:35:35.917] [20:35:35.917] [NewSleevePlacer] ?? FAMILY: Zone 9054642b-26fd-79c7-2d65-3ab037771243, FamilyName='RectangularOpeningOnWall'

[2026-01-02 20:35:35.923] [20:35:35.922] [PlacementPointAdjustment] 🔄 SKIPPING CACHE (Linked Element): Zone 9054642b-26fd-79c7-2d65-3ab037771243, HostId=321070 is in linked doc 'AR-00001' - using robust fallback

[2026-01-02 20:35:35.924] [20:35:35.923] [PlacementPointAdjustment] 🔍 SLEEVE PLACEMENT POINT CHECK: Zone 9054642b-26fd-79c7-2d65-3ab037771243, HasSleevePlacementPoint=False, SleevePlacementPointX=0.000000ft (0.0mm), SleevePlacementPointY=0.000000ft (0.0mm), SleevePlacementPointZ=0.000000ft (0.0mm), PlacementPoint (Input)=(51.541698ft, 0.721785ft, 10.542496ft)

[2026-01-02 20:35:35.926] [20:35:35.925] [PlacementPointAdjustment] ✅ USING WALL CENTERLINE POINT: Zone 9054642b-26fd-79c7-2d65-3ab037771243, WallCenterlinePoint=(51.541698ft, 1.049869ft, 10.542496ft), ForceMode=True

[2026-01-02 20:35:35.929] [20:35:35.929] [NewSleevePlacer] ?? PLACEMENT POINT: Zone 9054642b-26fd-79c7-2d65-3ab037771243, Point=(51.542, 1.050, 10.542)

[2026-01-02 20:35:35.959] [20:35:35.958] [NewSleevePlacer] ? INSTANCE CREATED: Zone 9054642b-26fd-79c7-2d65-3ab037771243, InstanceId=1210513

[2026-01-02 20:35:35.961] [20:35:35.960] [SleeveParameterService] [PARAMETERS] Zone=9054642b-26fd-79c7-2d65-3ab037771243, Sleeve=1210513, Width=600.0mm, Height=400.0mm, Diameter=600.0mm

[2026-01-02 20:35:35.966] [20:35:35.966] [SleeveParameterService] ✅ IMMEDIATE (CRITICAL): Set 'Sleeve Instance ID'=1210513 for sleeve 1210513

[2026-01-02 20:35:35.968] [20:35:35.967] [SleeveParameterService] ✅ IMMEDIATE: Set 'MEP_ElementId'=736453 for sleeve 1210513

[2026-01-02 20:35:35.970] [20:35:35.969] [SleeveParameterService] [SCHEDULE-LEVEL] ✅ Zone=9054642b-26fd-79c7-2d65-3ab037771243, Sleeve=1210513: Found Level 'Level 0' from MepElementLevelName (database - extracted during refresh) - CACHED

[2026-01-02 20:35:35.972] [20:35:35.971] [SleeveParameterService] [SCHEDULE-LEVEL] ✅ Zone=9054642b-26fd-79c7-2d65-3ab037771243, Sleeve=1210513: Set 'Schedule Level' to 'Level 0' (ID: 311, StorageType=ElementId) - CACHED PARAMETER

[2026-01-02 20:35:35.973] [20:35:35.973] [SleeveParameterService] [BOTTOM-OF-OPENING] 🔍 ENTRY: Zone=9054642b-26fd-79c7-2d65-3ab037771243, Sleeve=1210513, Height=400.0mm

[2026-01-02 20:35:35.975] [20:35:35.974] [BOTTOM-OF-OPENING] 🔍 Found Level Below: 'Level 0' at 0.0mm for Sleeve at 3213.4mm

[2026-01-02 20:35:35.977] [20:35:35.976] [SleeveParameterService] [BOTTOM-OF-OPENING] ⚙️ Z-COORDINATE CALC: Sleeve=1210513, Z=3213.4mm, LevelElev=0.0mm, Result=3213.4mm

[2026-01-02 20:35:35.979] [20:35:35.978] [SleeveParameterService] [BOTTOM-OF-OPENING] 🔍 DIAGNOSTIC: Zone=9054642b-26fd-79c7-2d65-3ab037771243, Sleeve=1210513
  - elevationFromLevel (read from param): 10.5424959587336 (3213.4mm)
  - scheduleOfLevel (for calculation): 10.5424959587336 (3213.4mm)
  - height: 1.31233595800525 (400.0mm)

[2026-01-02 20:35:35.980] [20:35:35.980] [SleeveParameterService] [BOTTOM-OF-OPENING] 🔍 CALCULATION RESULT: Zone=9054642b-26fd-79c7-2d65-3ab037771243, Sleeve=1210513
  - Input: scheduleOfLevel=10.5424959587336 (3213.4mm), height=1.31233595800525 (400.0mm)
  - Formula: bottomOfOpening = scheduleOfLevel - (height / 2.0) = 10.5424959587336 - (1.31233595800525 / 2.0) = 9.88632797973094
  - Calculated result: 9.88632797973094 (3013.4mm)

[2026-01-02 20:35:35.982] [20:35:35.981] [SleeveParameterService] [BOTTOM-OF-OPENING] 🔍 BEFORE SETTING: Zone=9054642b-26fd-79c7-2d65-3ab037771243, Sleeve=1210513
  - Parameter name: 'Bottom Of Opening'
  - Parameter storage type: Double
  - Parameter is read-only: False
  - Value to set: 9.88632797973094 (3013.4mm)
  - UseBatchedParameterWrites: True

[2026-01-02 20:35:35.984] [20:35:35.983] [SleeveParameterService] [BOTTOM-OF-OPENING] ✅ DEFERRED: Zone=9054642b-26fd-79c7-2d65-3ab037771243, Sleeve=1210513: Added to deferred parameters: Bottom Of Opening=3013.4mm (will be flushed later)

[2026-01-02 20:35:35.988] [20:35:35.987] [NewSleevePlacer] ? PLACED: Zone 9054642b-26fd-79c7-2d65-3ab037771243, SleeveId=1210513

[2026-01-02 20:35:35.990] [20:35:35.990] [NewSleevePlacer] ? SET FLAG: Zone 9054642b-26fd-79c7-2d65-3ab037771243: IsResolved=true, SleeveId=1210513

[2026-01-02 20:35:35.997] [20:35:35.996] [NewSleevePlacer] ? IMMEDIATE DB UPDATE: Set SleeveInstanceId=1210513 for zone 9054642b-26fd-79c7-2d65-3ab037771243

[2026-01-02 20:35:35.999] [20:35:35.998] [NewSleevePlacer] ?? ATTEMPTING PLACEMENT: Zone ee69ca6f-52c2-6f16-eeb5-4979293fd1e6, IsReplayPath=False, SleeveId=-1

[2026-01-02 20:35:36.000] [20:35:36.000] [NewSleevePlacer] ?? PlaceSleeveNormal START: Zone ee69ca6f-52c2-6f16-eeb5-4979293fd1e6, HasPlanningDto=False

[2026-01-02 20:35:36.012] [20:35:36.011] [NewSleevePlacer] ?? FINAL DIMENSIONS: Zone ee69ca6f-52c2-6f16-eeb5-4979293fd1e6, W=1.968504ft (600.0mm), H=1.312336ft (400.0mm), D=1.968504ft (600.0mm), Circular=False

[2026-01-02 20:35:36.013] [20:35:36.013] [NewSleevePlacer] ?? FAMILY: Zone ee69ca6f-52c2-6f16-eeb5-4979293fd1e6, FamilyName='RectangularOpeningOnWall'

[2026-01-02 20:35:36.020] [20:35:36.020] [PlacementPointAdjustment] 🔄 SKIPPING CACHE (Linked Element): Zone ee69ca6f-52c2-6f16-eeb5-4979293fd1e6, HostId=321070 is in linked doc 'AR-00001' - using robust fallback

[2026-01-02 20:35:36.022] [20:35:36.022] [PlacementPointAdjustment] 🔍 SLEEVE PLACEMENT POINT CHECK: Zone ee69ca6f-52c2-6f16-eeb5-4979293fd1e6, HasSleevePlacementPoint=False, SleevePlacementPointX=0.000000ft (0.0mm), SleevePlacementPointY=0.000000ft (0.0mm), SleevePlacementPointZ=0.000000ft (0.0mm), PlacementPoint (Input)=(53.709717ft, 0.721785ft, 5.207907ft)

[2026-01-02 20:35:36.024] [20:35:36.023] [PlacementPointAdjustment] ✅ USING WALL CENTERLINE POINT: Zone ee69ca6f-52c2-6f16-eeb5-4979293fd1e6, WallCenterlinePoint=(53.709717ft, 1.049869ft, 5.207907ft), ForceMode=True

[2026-01-02 20:35:36.027] [20:35:36.026] [NewSleevePlacer] ?? PLACEMENT POINT: Zone ee69ca6f-52c2-6f16-eeb5-4979293fd1e6, Point=(53.710, 1.050, 5.208)

[2026-01-02 20:35:36.057] [20:35:36.056] [NewSleevePlacer] ? INSTANCE CREATED: Zone ee69ca6f-52c2-6f16-eeb5-4979293fd1e6, InstanceId=1210520

[2026-01-02 20:35:36.059] [20:35:36.058] [SleeveParameterService] [PARAMETERS] Zone=ee69ca6f-52c2-6f16-eeb5-4979293fd1e6, Sleeve=1210520, Width=600.0mm, Height=400.0mm, Diameter=600.0mm

[2026-01-02 20:35:36.064] [20:35:36.063] [SleeveParameterService] ✅ IMMEDIATE (CRITICAL): Set 'Sleeve Instance ID'=1210520 for sleeve 1210520

[2026-01-02 20:35:36.066] [20:35:36.065] [SleeveParameterService] ✅ IMMEDIATE: Set 'MEP_ElementId'=736572 for sleeve 1210520

[2026-01-02 20:35:36.068] [20:35:36.067] [SleeveParameterService] [SCHEDULE-LEVEL] ✅ Zone=ee69ca6f-52c2-6f16-eeb5-4979293fd1e6, Sleeve=1210520: Found Level 'Level 0' from MepElementLevelName (database - extracted during refresh) - CACHED

[2026-01-02 20:35:36.070] [20:35:36.069] [SleeveParameterService] [SCHEDULE-LEVEL] ✅ Zone=ee69ca6f-52c2-6f16-eeb5-4979293fd1e6, Sleeve=1210520: Set 'Schedule Level' to 'Level 0' (ID: 311, StorageType=ElementId) - CACHED PARAMETER

[2026-01-02 20:35:36.071] [20:35:36.071] [SleeveParameterService] [BOTTOM-OF-OPENING] 🔍 ENTRY: Zone=ee69ca6f-52c2-6f16-eeb5-4979293fd1e6, Sleeve=1210520, Height=400.0mm

[2026-01-02 20:35:36.073] [20:35:36.072] [BOTTOM-OF-OPENING] 🔍 Found Level Below: 'Level 0' at 0.0mm for Sleeve at 1587.4mm

[2026-01-02 20:35:36.075] [20:35:36.074] [SleeveParameterService] [BOTTOM-OF-OPENING] ⚙️ Z-COORDINATE CALC: Sleeve=1210520, Z=1587.4mm, LevelElev=0.0mm, Result=1587.4mm

[2026-01-02 20:35:36.077] [20:35:36.076] [SleeveParameterService] [BOTTOM-OF-OPENING] 🔍 DIAGNOSTIC: Zone=ee69ca6f-52c2-6f16-eeb5-4979293fd1e6, Sleeve=1210520
  - elevationFromLevel (read from param): 5.207906976936 (1587.4mm)
  - scheduleOfLevel (for calculation): 5.207906976936 (1587.4mm)
  - height: 1.31233595800525 (400.0mm)

[2026-01-02 20:35:36.078] [20:35:36.078] [SleeveParameterService] [BOTTOM-OF-OPENING] 🔍 CALCULATION RESULT: Zone=ee69ca6f-52c2-6f16-eeb5-4979293fd1e6, Sleeve=1210520
  - Input: scheduleOfLevel=5.207906976936 (1587.4mm), height=1.31233595800525 (400.0mm)
  - Formula: bottomOfOpening = scheduleOfLevel - (height / 2.0) = 5.207906976936 - (1.31233595800525 / 2.0) = 4.55173899793338
  - Calculated result: 4.55173899793338 (1387.4mm)

[2026-01-02 20:35:36.080] [20:35:36.079] [SleeveParameterService] [BOTTOM-OF-OPENING] 🔍 BEFORE SETTING: Zone=ee69ca6f-52c2-6f16-eeb5-4979293fd1e6, Sleeve=1210520
  - Parameter name: 'Bottom Of Opening'
  - Parameter storage type: Double
  - Parameter is read-only: False
  - Value to set: 4.55173899793338 (1387.4mm)
  - UseBatchedParameterWrites: True

[2026-01-02 20:35:36.081] [20:35:36.081] [SleeveParameterService] [BOTTOM-OF-OPENING] ✅ DEFERRED: Zone=ee69ca6f-52c2-6f16-eeb5-4979293fd1e6, Sleeve=1210520: Added to deferred parameters: Bottom Of Opening=1387.4mm (will be flushed later)

[2026-01-02 20:35:36.085] [20:35:36.084] [NewSleevePlacer] ? PLACED: Zone ee69ca6f-52c2-6f16-eeb5-4979293fd1e6, SleeveId=1210520

[2026-01-02 20:35:36.086] [20:35:36.086] [NewSleevePlacer] ? SET FLAG: Zone ee69ca6f-52c2-6f16-eeb5-4979293fd1e6: IsResolved=true, SleeveId=1210520

[2026-01-02 20:35:36.092] [20:35:36.092] [NewSleevePlacer] ? IMMEDIATE DB UPDATE: Set SleeveInstanceId=1210520 for zone ee69ca6f-52c2-6f16-eeb5-4979293fd1e6

[2026-01-02 20:35:36.094] [20:35:36.093] [NewSleevePlacer] ?? ATTEMPTING PLACEMENT: Zone b375875a-240b-b59a-2b68-bbf300a9145d, IsReplayPath=False, SleeveId=-1

[2026-01-02 20:35:36.096] [20:35:36.095] [NewSleevePlacer] ?? PlaceSleeveNormal START: Zone b375875a-240b-b59a-2b68-bbf300a9145d, HasPlanningDto=False

[2026-01-02 20:35:36.108] [20:35:36.107] [NewSleevePlacer] ?? FINAL DIMENSIONS: Zone b375875a-240b-b59a-2b68-bbf300a9145d, W=1.968504ft (600.0mm), H=1.968504ft (600.0mm), D=1.968504ft (600.0mm), Circular=False

[2026-01-02 20:35:36.109] [20:35:36.109] [NewSleevePlacer] ?? FAMILY: Zone b375875a-240b-b59a-2b68-bbf300a9145d, FamilyName='RectangularOpeningOnWall'

[2026-01-02 20:35:36.114] [20:35:36.114] [PlacementPointAdjustment] 🔄 SKIPPING CACHE (Linked Element): Zone b375875a-240b-b59a-2b68-bbf300a9145d, HostId=321070 is in linked doc 'AR-00001' - using robust fallback

[2026-01-02 20:35:36.116] [20:35:36.115] [PlacementPointAdjustment] 🔍 SLEEVE PLACEMENT POINT CHECK: Zone b375875a-240b-b59a-2b68-bbf300a9145d, HasSleevePlacementPoint=False, SleevePlacementPointX=0.000000ft (0.0mm), SleevePlacementPointY=0.000000ft (0.0mm), SleevePlacementPointZ=0.000000ft (0.0mm), PlacementPoint (Input)=(8.989161ft, 0.721785ft, 2.441194ft)

[2026-01-02 20:35:36.117] [20:35:36.117] [PlacementPointAdjustment] ✅ USING WALL CENTERLINE POINT: Zone b375875a-240b-b59a-2b68-bbf300a9145d, WallCenterlinePoint=(8.989161ft, 1.049869ft, 2.441194ft), ForceMode=True

[2026-01-02 20:35:36.121] [20:35:36.120] [NewSleevePlacer] ?? PLACEMENT POINT: Zone b375875a-240b-b59a-2b68-bbf300a9145d, Point=(8.989, 1.050, 2.441)

[2026-01-02 20:35:36.152] [20:35:36.151] [NewSleevePlacer] ? INSTANCE CREATED: Zone b375875a-240b-b59a-2b68-bbf300a9145d, InstanceId=1210527

[2026-01-02 20:35:36.154] [20:35:36.153] [SleeveParameterService] [PARAMETERS] Zone=b375875a-240b-b59a-2b68-bbf300a9145d, Sleeve=1210527, Width=600.0mm, Height=600.0mm, Diameter=600.0mm

[2026-01-02 20:35:36.159] [20:35:36.158] [SleeveParameterService] ✅ IMMEDIATE (CRITICAL): Set 'Sleeve Instance ID'=1210527 for sleeve 1210527

[2026-01-02 20:35:36.161] [20:35:36.160] [SleeveParameterService] ✅ IMMEDIATE: Set 'MEP_ElementId'=739950 for sleeve 1210527

[2026-01-02 20:35:36.163] [20:35:36.162] [SleeveParameterService] [SCHEDULE-LEVEL] ✅ Zone=b375875a-240b-b59a-2b68-bbf300a9145d, Sleeve=1210527: Found Level 'Level 0' from MepElementLevelName (database - extracted during refresh) - CACHED

[2026-01-02 20:35:36.164] [20:35:36.164] [SleeveParameterService] [SCHEDULE-LEVEL] ✅ Zone=b375875a-240b-b59a-2b68-bbf300a9145d, Sleeve=1210527: Set 'Schedule Level' to 'Level 0' (ID: 311, StorageType=ElementId) - CACHED PARAMETER

[2026-01-02 20:35:36.166] [20:35:36.166] [SleeveParameterService] [BOTTOM-OF-OPENING] 🔍 ENTRY: Zone=b375875a-240b-b59a-2b68-bbf300a9145d, Sleeve=1210527, Height=600.0mm

[2026-01-02 20:35:36.168] [20:35:36.167] [BOTTOM-OF-OPENING] 🔍 Found Level Below: 'Level 0' at 0.0mm for Sleeve at 744.1mm

[2026-01-02 20:35:36.170] [20:35:36.169] [SleeveParameterService] [BOTTOM-OF-OPENING] ⚙️ Z-COORDINATE CALC: Sleeve=1210527, Z=744.1mm, LevelElev=0.0mm, Result=744.1mm

[2026-01-02 20:35:36.171] [20:35:36.170] [SleeveParameterService] [BOTTOM-OF-OPENING] 🔍 DIAGNOSTIC: Zone=b375875a-240b-b59a-2b68-bbf300a9145d, Sleeve=1210527
  - elevationFromLevel (read from param): 2.44119363102539 (744.1mm)
  - scheduleOfLevel (for calculation): 2.44119363102539 (744.1mm)
  - height: 1.96850393700787 (600.0mm)

[2026-01-02 20:35:36.173] [20:35:36.172] [SleeveParameterService] [BOTTOM-OF-OPENING] 🔍 CALCULATION RESULT: Zone=b375875a-240b-b59a-2b68-bbf300a9145d, Sleeve=1210527
  - Input: scheduleOfLevel=2.44119363102539 (744.1mm), height=1.96850393700787 (600.0mm)
  - Formula: bottomOfOpening = scheduleOfLevel - (height / 2.0) = 2.44119363102539 - (1.96850393700787 / 2.0) = 1.45694166252145
  - Calculated result: 1.45694166252145 (444.1mm)

[2026-01-02 20:35:36.174] [20:35:36.173] [SleeveParameterService] [BOTTOM-OF-OPENING] 🔍 BEFORE SETTING: Zone=b375875a-240b-b59a-2b68-bbf300a9145d, Sleeve=1210527
  - Parameter name: 'Bottom Of Opening'
  - Parameter storage type: Double
  - Parameter is read-only: False
  - Value to set: 1.45694166252145 (444.1mm)
  - UseBatchedParameterWrites: True

[2026-01-02 20:35:36.175] [20:35:36.175] [SleeveParameterService] [BOTTOM-OF-OPENING] ✅ DEFERRED: Zone=b375875a-240b-b59a-2b68-bbf300a9145d, Sleeve=1210527: Added to deferred parameters: Bottom Of Opening=444.1mm (will be flushed later)

[2026-01-02 20:35:36.180] [20:35:36.178] [NewSleevePlacer] ? PLACED: Zone b375875a-240b-b59a-2b68-bbf300a9145d, SleeveId=1210527

[2026-01-02 20:35:36.181] [20:35:36.181] [NewSleevePlacer] ? SET FLAG: Zone b375875a-240b-b59a-2b68-bbf300a9145d: IsResolved=true, SleeveId=1210527

[2026-01-02 20:35:36.187] [20:35:36.186] [NewSleevePlacer] ? IMMEDIATE DB UPDATE: Set SleeveInstanceId=1210527 for zone b375875a-240b-b59a-2b68-bbf300a9145d

[2026-01-02 20:35:36.189] [20:35:36.188] [NewSleevePlacer] ?? ATTEMPTING PLACEMENT: Zone c2d60296-f2a7-fa6d-665e-941f035331b6, IsReplayPath=False, SleeveId=-1

[2026-01-02 20:35:36.190] [20:35:36.190] [NewSleevePlacer] ?? PlaceSleeveNormal START: Zone c2d60296-f2a7-fa6d-665e-941f035331b6, HasPlanningDto=False

[2026-01-02 20:35:36.202] [20:35:36.201] [NewSleevePlacer] ?? FINAL DIMENSIONS: Zone c2d60296-f2a7-fa6d-665e-941f035331b6, W=1.968504ft (600.0mm), H=1.968504ft (600.0mm), D=1.968504ft (600.0mm), Circular=False

[2026-01-02 20:35:36.203] [20:35:36.203] [NewSleevePlacer] ?? FAMILY: Zone c2d60296-f2a7-fa6d-665e-941f035331b6, FamilyName='RectangularOpeningOnWall'

[2026-01-02 20:35:36.208] [20:35:36.208] [PlacementPointAdjustment] 🔄 SKIPPING CACHE (Linked Element): Zone c2d60296-f2a7-fa6d-665e-941f035331b6, HostId=321070 is in linked doc 'AR-00001' - using robust fallback

[2026-01-02 20:35:36.210] [20:35:36.209] [PlacementPointAdjustment] 🔍 SLEEVE PLACEMENT POINT CHECK: Zone c2d60296-f2a7-fa6d-665e-941f035331b6, HasSleevePlacementPoint=False, SleevePlacementPointX=0.000000ft (0.0mm), SleevePlacementPointY=0.000000ft (0.0mm), SleevePlacementPointZ=0.000000ft (0.0mm), PlacementPoint (Input)=(5.525990ft, 0.721785ft, 4.921260ft)

[2026-01-02 20:35:36.212] [20:35:36.211] [PlacementPointAdjustment] ✅ USING WALL CENTERLINE POINT: Zone c2d60296-f2a7-fa6d-665e-941f035331b6, WallCenterlinePoint=(5.525990ft, 1.049869ft, 4.921260ft), ForceMode=True

[2026-01-02 20:35:36.216] [20:35:36.214] [NewSleevePlacer] ?? PLACEMENT POINT: Zone c2d60296-f2a7-fa6d-665e-941f035331b6, Point=(5.526, 1.050, 4.921)

[2026-01-02 20:35:36.246] [20:35:36.245] [NewSleevePlacer] ? INSTANCE CREATED: Zone c2d60296-f2a7-fa6d-665e-941f035331b6, InstanceId=1210534

[2026-01-02 20:35:36.248] [20:35:36.247] [SleeveParameterService] [PARAMETERS] Zone=c2d60296-f2a7-fa6d-665e-941f035331b6, Sleeve=1210534, Width=600.0mm, Height=600.0mm, Diameter=600.0mm

[2026-01-02 20:35:36.253] [20:35:36.253] [SleeveParameterService] ✅ IMMEDIATE (CRITICAL): Set 'Sleeve Instance ID'=1210534 for sleeve 1210534

[2026-01-02 20:35:36.255] [20:35:36.254] [SleeveParameterService] ✅ IMMEDIATE: Set 'MEP_ElementId'=739979 for sleeve 1210534

[2026-01-02 20:35:36.257] [20:35:36.256] [SleeveParameterService] [SCHEDULE-LEVEL] ✅ Zone=c2d60296-f2a7-fa6d-665e-941f035331b6, Sleeve=1210534: Found Level 'Level 0' from MepElementLevelName (database - extracted during refresh) - CACHED

[2026-01-02 20:35:36.259] [20:35:36.258] [SleeveParameterService] [SCHEDULE-LEVEL] ✅ Zone=c2d60296-f2a7-fa6d-665e-941f035331b6, Sleeve=1210534: Set 'Schedule Level' to 'Level 0' (ID: 311, StorageType=ElementId) - CACHED PARAMETER

[2026-01-02 20:35:36.260] [20:35:36.260] [SleeveParameterService] [BOTTOM-OF-OPENING] 🔍 ENTRY: Zone=c2d60296-f2a7-fa6d-665e-941f035331b6, Sleeve=1210534, Height=600.0mm

[2026-01-02 20:35:36.262] [20:35:36.261] [BOTTOM-OF-OPENING] 🔍 Found Level Below: 'Level 0' at 0.0mm for Sleeve at 1500.0mm

[2026-01-02 20:35:36.264] [20:35:36.263] [SleeveParameterService] [BOTTOM-OF-OPENING] ⚙️ Z-COORDINATE CALC: Sleeve=1210534, Z=1500.0mm, LevelElev=0.0mm, Result=1500.0mm

[2026-01-02 20:35:36.265] [20:35:36.264] [SleeveParameterService] [BOTTOM-OF-OPENING] 🔍 DIAGNOSTIC: Zone=c2d60296-f2a7-fa6d-665e-941f035331b6, Sleeve=1210534
  - elevationFromLevel (read from param): 4.92125984251969 (1500.0mm)
  - scheduleOfLevel (for calculation): 4.92125984251969 (1500.0mm)
  - height: 1.96850393700787 (600.0mm)

[2026-01-02 20:35:36.266] [20:35:36.266] [SleeveParameterService] [BOTTOM-OF-OPENING] 🔍 CALCULATION RESULT: Zone=c2d60296-f2a7-fa6d-665e-941f035331b6, Sleeve=1210534
  - Input: scheduleOfLevel=4.92125984251969 (1500.0mm), height=1.96850393700787 (600.0mm)
  - Formula: bottomOfOpening = scheduleOfLevel - (height / 2.0) = 4.92125984251969 - (1.96850393700787 / 2.0) = 3.93700787401575
  - Calculated result: 3.93700787401575 (1200.0mm)

[2026-01-02 20:35:36.268] [20:35:36.267] [SleeveParameterService] [BOTTOM-OF-OPENING] 🔍 BEFORE SETTING: Zone=c2d60296-f2a7-fa6d-665e-941f035331b6, Sleeve=1210534
  - Parameter name: 'Bottom Of Opening'
  - Parameter storage type: Double
  - Parameter is read-only: False
  - Value to set: 3.93700787401575 (1200.0mm)
  - UseBatchedParameterWrites: True

[2026-01-02 20:35:36.270] [20:35:36.269] [SleeveParameterService] [BOTTOM-OF-OPENING] ✅ DEFERRED: Zone=c2d60296-f2a7-fa6d-665e-941f035331b6, Sleeve=1210534: Added to deferred parameters: Bottom Of Opening=1200.0mm (will be flushed later)

[2026-01-02 20:35:36.279] [20:35:36.278] [NewSleevePlacer] ? PLACED: Zone c2d60296-f2a7-fa6d-665e-941f035331b6, SleeveId=1210534

[2026-01-02 20:35:36.280] [20:35:36.280] [NewSleevePlacer] ? SET FLAG: Zone c2d60296-f2a7-fa6d-665e-941f035331b6: IsResolved=true, SleeveId=1210534

[2026-01-02 20:35:36.286] [20:35:36.285] [NewSleevePlacer] ? IMMEDIATE DB UPDATE: Set SleeveInstanceId=1210534 for zone c2d60296-f2a7-fa6d-665e-941f035331b6

[2026-01-02 20:35:36.287] [20:35:36.287] [NewSleevePlacer] ?? ATTEMPTING PLACEMENT: Zone 661b5e54-02f1-b59b-07f2-b22b7fbdb183, IsReplayPath=False, SleeveId=-1

[2026-01-02 20:35:36.289] [20:35:36.289] [NewSleevePlacer] ?? PlaceSleeveNormal START: Zone 661b5e54-02f1-b59b-07f2-b22b7fbdb183, HasPlanningDto=False

[2026-01-02 20:35:36.301] [20:35:36.300] [NewSleevePlacer] ?? FINAL DIMENSIONS: Zone 661b5e54-02f1-b59b-07f2-b22b7fbdb183, W=1.968504ft (600.0mm), H=1.968504ft (600.0mm), D=1.968504ft (600.0mm), Circular=False

[2026-01-02 20:35:36.303] [20:35:36.302] [NewSleevePlacer] ?? FAMILY: Zone 661b5e54-02f1-b59b-07f2-b22b7fbdb183, FamilyName='RectangularOpeningOnWall'

[2026-01-02 20:35:36.308] [20:35:36.307] [PlacementPointAdjustment] 🔄 SKIPPING CACHE (Linked Element): Zone 661b5e54-02f1-b59b-07f2-b22b7fbdb183, HostId=321070 is in linked doc 'AR-00001' - using robust fallback

[2026-01-02 20:35:36.310] [20:35:36.309] [PlacementPointAdjustment] 🔍 SLEEVE PLACEMENT POINT CHECK: Zone 661b5e54-02f1-b59b-07f2-b22b7fbdb183, HasSleevePlacementPoint=False, SleevePlacementPointX=0.000000ft (0.0mm), SleevePlacementPointY=0.000000ft (0.0mm), SleevePlacementPointZ=0.000000ft (0.0mm), PlacementPoint (Input)=(3.182415ft, 0.721785ft, 2.214567ft)

[2026-01-02 20:35:36.311] [20:35:36.311] [PlacementPointAdjustment] ✅ USING WALL CENTERLINE POINT: Zone 661b5e54-02f1-b59b-07f2-b22b7fbdb183, WallCenterlinePoint=(3.182415ft, 1.049869ft, 2.214567ft), ForceMode=True

[2026-01-02 20:35:36.315] [20:35:36.314] [NewSleevePlacer] ?? PLACEMENT POINT: Zone 661b5e54-02f1-b59b-07f2-b22b7fbdb183, Point=(3.182, 1.050, 2.215)

[2026-01-02 20:35:36.346] [20:35:36.345] [NewSleevePlacer] ? INSTANCE CREATED: Zone 661b5e54-02f1-b59b-07f2-b22b7fbdb183, InstanceId=1210541

[2026-01-02 20:35:36.348] [20:35:36.347] [SleeveParameterService] [PARAMETERS] Zone=661b5e54-02f1-b59b-07f2-b22b7fbdb183, Sleeve=1210541, Width=600.0mm, Height=600.0mm, Diameter=600.0mm

[2026-01-02 20:35:36.353] [20:35:36.353] [SleeveParameterService] ✅ IMMEDIATE (CRITICAL): Set 'Sleeve Instance ID'=1210541 for sleeve 1210541

[2026-01-02 20:35:36.355] [20:35:36.354] [SleeveParameterService] ✅ IMMEDIATE: Set 'MEP_ElementId'=739990 for sleeve 1210541

[2026-01-02 20:35:36.357] [20:35:36.356] [SleeveParameterService] [SCHEDULE-LEVEL] ✅ Zone=661b5e54-02f1-b59b-07f2-b22b7fbdb183, Sleeve=1210541: Found Level 'Level 0' from MepElementLevelName (database - extracted during refresh) - CACHED

[2026-01-02 20:35:36.359] [20:35:36.358] [SleeveParameterService] [SCHEDULE-LEVEL] ✅ Zone=661b5e54-02f1-b59b-07f2-b22b7fbdb183, Sleeve=1210541: Set 'Schedule Level' to 'Level 0' (ID: 311, StorageType=ElementId) - CACHED PARAMETER

[2026-01-02 20:35:36.360] [20:35:36.360] [SleeveParameterService] [BOTTOM-OF-OPENING] 🔍 ENTRY: Zone=661b5e54-02f1-b59b-07f2-b22b7fbdb183, Sleeve=1210541, Height=600.0mm

[2026-01-02 20:35:36.362] [20:35:36.362] [BOTTOM-OF-OPENING] 🔍 Found Level Below: 'Level 0' at 0.0mm for Sleeve at 675.0mm

[2026-01-02 20:35:36.364] [20:35:36.363] [SleeveParameterService] [BOTTOM-OF-OPENING] ⚙️ Z-COORDINATE CALC: Sleeve=1210541, Z=675.0mm, LevelElev=0.0mm, Result=675.0mm

[2026-01-02 20:35:36.365] [20:35:36.365] [SleeveParameterService] [BOTTOM-OF-OPENING] 🔍 DIAGNOSTIC: Zone=661b5e54-02f1-b59b-07f2-b22b7fbdb183, Sleeve=1210541
  - elevationFromLevel (read from param): 2.21456692913386 (675.0mm)
  - scheduleOfLevel (for calculation): 2.21456692913386 (675.0mm)
  - height: 1.96850393700787 (600.0mm)

[2026-01-02 20:35:36.367] [20:35:36.366] [SleeveParameterService] [BOTTOM-OF-OPENING] 🔍 CALCULATION RESULT: Zone=661b5e54-02f1-b59b-07f2-b22b7fbdb183, Sleeve=1210541
  - Input: scheduleOfLevel=2.21456692913386 (675.0mm), height=1.96850393700787 (600.0mm)
  - Formula: bottomOfOpening = scheduleOfLevel - (height / 2.0) = 2.21456692913386 - (1.96850393700787 / 2.0) = 1.23031496062992
  - Calculated result: 1.23031496062992 (375.0mm)

[2026-01-02 20:35:36.369] [20:35:36.368] [SleeveParameterService] [BOTTOM-OF-OPENING] 🔍 BEFORE SETTING: Zone=661b5e54-02f1-b59b-07f2-b22b7fbdb183, Sleeve=1210541
  - Parameter name: 'Bottom Of Opening'
  - Parameter storage type: Double
  - Parameter is read-only: False
  - Value to set: 1.23031496062992 (375.0mm)
  - UseBatchedParameterWrites: True

[2026-01-02 20:35:36.371] [20:35:36.370] [SleeveParameterService] [BOTTOM-OF-OPENING] ✅ DEFERRED: Zone=661b5e54-02f1-b59b-07f2-b22b7fbdb183, Sleeve=1210541: Added to deferred parameters: Bottom Of Opening=375.0mm (will be flushed later)

[2026-01-02 20:35:36.374] [20:35:36.374] [NewSleevePlacer] ? PLACED: Zone 661b5e54-02f1-b59b-07f2-b22b7fbdb183, SleeveId=1210541

[2026-01-02 20:35:36.376] [20:35:36.375] [NewSleevePlacer] ? SET FLAG: Zone 661b5e54-02f1-b59b-07f2-b22b7fbdb183: IsResolved=true, SleeveId=1210541

[2026-01-02 20:35:36.381] [20:35:36.381] [NewSleevePlacer] ? IMMEDIATE DB UPDATE: Set SleeveInstanceId=1210541 for zone 661b5e54-02f1-b59b-07f2-b22b7fbdb183

[2026-01-02 20:35:36.383] [20:35:36.383] [NewSleevePlacer] ?? ATTEMPTING PLACEMENT: Zone 091186e8-2ce9-f546-bf55-e9084850265e, IsReplayPath=False, SleeveId=-1

[2026-01-02 20:35:36.385] [20:35:36.384] [NewSleevePlacer] ?? PlaceSleeveNormal START: Zone 091186e8-2ce9-f546-bf55-e9084850265e, HasPlanningDto=False

[2026-01-02 20:35:36.399] [20:35:36.397] [NewSleevePlacer] ?? FINAL DIMENSIONS: Zone 091186e8-2ce9-f546-bf55-e9084850265e, W=1.968504ft (600.0mm), H=1.968504ft (600.0mm), D=1.968504ft (600.0mm), Circular=False

[2026-01-02 20:35:36.400] [20:35:36.400] [NewSleevePlacer] ?? FAMILY: Zone 091186e8-2ce9-f546-bf55-e9084850265e, FamilyName='RectangularOpeningOnWall'

[2026-01-02 20:35:36.406] [20:35:36.405] [PlacementPointAdjustment] 🔄 SKIPPING CACHE (Linked Element): Zone 091186e8-2ce9-f546-bf55-e9084850265e, HostId=321070 is in linked doc 'AR-00001' - using robust fallback

[2026-01-02 20:35:36.408] [20:35:36.407] [PlacementPointAdjustment] 🔍 SLEEVE PLACEMENT POINT CHECK: Zone 091186e8-2ce9-f546-bf55-e9084850265e, HasSleevePlacementPoint=False, SleevePlacementPointX=0.000000ft (0.0mm), SleevePlacementPointY=0.000000ft (0.0mm), SleevePlacementPointZ=0.000000ft (0.0mm), PlacementPoint (Input)=(11.123346ft, 0.721785ft, 2.441273ft)

[2026-01-02 20:35:36.409] [20:35:36.409] [PlacementPointAdjustment] ✅ USING WALL CENTERLINE POINT: Zone 091186e8-2ce9-f546-bf55-e9084850265e, WallCenterlinePoint=(11.123346ft, 1.049869ft, 2.441273ft), ForceMode=True

[2026-01-02 20:35:36.413] [20:35:36.413] [NewSleevePlacer] ?? PLACEMENT POINT: Zone 091186e8-2ce9-f546-bf55-e9084850265e, Point=(11.123, 1.050, 2.441)

[2026-01-02 20:35:36.445] [20:35:36.444] [NewSleevePlacer] ? INSTANCE CREATED: Zone 091186e8-2ce9-f546-bf55-e9084850265e, InstanceId=1210548

[2026-01-02 20:35:36.446] [20:35:36.445] [SleeveParameterService] [PARAMETERS] Zone=091186e8-2ce9-f546-bf55-e9084850265e, Sleeve=1210548, Width=600.0mm, Height=600.0mm, Diameter=600.0mm

[2026-01-02 20:35:36.452] [20:35:36.451] [SleeveParameterService] ✅ IMMEDIATE (CRITICAL): Set 'Sleeve Instance ID'=1210548 for sleeve 1210548

[2026-01-02 20:35:36.454] [20:35:36.453] [SleeveParameterService] ✅ IMMEDIATE: Set 'MEP_ElementId'=740031 for sleeve 1210548

[2026-01-02 20:35:36.456] [20:35:36.456] [SleeveParameterService] [SCHEDULE-LEVEL] ✅ Zone=091186e8-2ce9-f546-bf55-e9084850265e, Sleeve=1210548: Found Level 'Level 0' from MepElementLevelName (database - extracted during refresh) - CACHED

[2026-01-02 20:35:36.459] [20:35:36.458] [SleeveParameterService] [SCHEDULE-LEVEL] ✅ Zone=091186e8-2ce9-f546-bf55-e9084850265e, Sleeve=1210548: Set 'Schedule Level' to 'Level 0' (ID: 311, StorageType=ElementId) - CACHED PARAMETER

[2026-01-02 20:35:36.460] [20:35:36.460] [SleeveParameterService] [BOTTOM-OF-OPENING] 🔍 ENTRY: Zone=091186e8-2ce9-f546-bf55-e9084850265e, Sleeve=1210548, Height=600.0mm

[2026-01-02 20:35:36.462] [20:35:36.462] [BOTTOM-OF-OPENING] 🔍 Found Level Below: 'Level 0' at 0.0mm for Sleeve at 744.1mm

[2026-01-02 20:35:36.464] [20:35:36.464] [SleeveParameterService] [BOTTOM-OF-OPENING] ⚙️ Z-COORDINATE CALC: Sleeve=1210548, Z=744.1mm, LevelElev=0.0mm, Result=744.1mm

[2026-01-02 20:35:36.466] [20:35:36.466] [SleeveParameterService] [BOTTOM-OF-OPENING] 🔍 DIAGNOSTIC: Zone=091186e8-2ce9-f546-bf55-e9084850265e, Sleeve=1210548
  - elevationFromLevel (read from param): 2.44127296587926 (744.1mm)
  - scheduleOfLevel (for calculation): 2.44127296587926 (744.1mm)
  - height: 1.96850393700787 (600.0mm)

[2026-01-02 20:35:36.468] [20:35:36.467] [SleeveParameterService] [BOTTOM-OF-OPENING] 🔍 CALCULATION RESULT: Zone=091186e8-2ce9-f546-bf55-e9084850265e, Sleeve=1210548
  - Input: scheduleOfLevel=2.44127296587926 (744.1mm), height=1.96850393700787 (600.0mm)
  - Formula: bottomOfOpening = scheduleOfLevel - (height / 2.0) = 2.44127296587926 - (1.96850393700787 / 2.0) = 1.45702099737533
  - Calculated result: 1.45702099737533 (444.1mm)

[2026-01-02 20:35:36.470] [20:35:36.470] [SleeveParameterService] [BOTTOM-OF-OPENING] 🔍 BEFORE SETTING: Zone=091186e8-2ce9-f546-bf55-e9084850265e, Sleeve=1210548
  - Parameter name: 'Bottom Of Opening'
  - Parameter storage type: Double
  - Parameter is read-only: False
  - Value to set: 1.45702099737533 (444.1mm)
  - UseBatchedParameterWrites: True

[2026-01-02 20:35:36.472] [20:35:36.472] [SleeveParameterService] [BOTTOM-OF-OPENING] ✅ DEFERRED: Zone=091186e8-2ce9-f546-bf55-e9084850265e, Sleeve=1210548: Added to deferred parameters: Bottom Of Opening=444.1mm (will be flushed later)

[2026-01-02 20:35:36.477] [20:35:36.475] [NewSleevePlacer] ? PLACED: Zone 091186e8-2ce9-f546-bf55-e9084850265e, SleeveId=1210548

[2026-01-02 20:35:36.478] [20:35:36.478] [NewSleevePlacer] ? SET FLAG: Zone 091186e8-2ce9-f546-bf55-e9084850265e: IsResolved=true, SleeveId=1210548

[2026-01-02 20:35:36.485] [20:35:36.484] [NewSleevePlacer] ? IMMEDIATE DB UPDATE: Set SleeveInstanceId=1210548 for zone 091186e8-2ce9-f546-bf55-e9084850265e

[2026-01-02 20:35:36.487] [20:35:36.486] [NewSleevePlacer] ?? ATTEMPTING PLACEMENT: Zone 3f3107a3-1ff4-60f2-bebc-a52a386aa2e0, IsReplayPath=False, SleeveId=-1

[2026-01-02 20:35:36.489] [20:35:36.488] [NewSleevePlacer] ?? PlaceSleeveNormal START: Zone 3f3107a3-1ff4-60f2-bebc-a52a386aa2e0, HasPlanningDto=False

[2026-01-02 20:35:36.502] [20:35:36.502] [NewSleevePlacer] ?? FINAL DIMENSIONS: Zone 3f3107a3-1ff4-60f2-bebc-a52a386aa2e0, W=1.968504ft (600.0mm), H=1.968504ft (600.0mm), D=1.968504ft (600.0mm), Circular=False

[2026-01-02 20:35:36.504] [20:35:36.503] [NewSleevePlacer] ?? FAMILY: Zone 3f3107a3-1ff4-60f2-bebc-a52a386aa2e0, FamilyName='RectangularOpeningOnWall'

[2026-01-02 20:35:36.510] [20:35:36.510] [PlacementPointAdjustment] 🔄 SKIPPING CACHE (Linked Element): Zone 3f3107a3-1ff4-60f2-bebc-a52a386aa2e0, HostId=321070 is in linked doc 'AR-00001' - using robust fallback

[2026-01-02 20:35:36.512] [20:35:36.511] [PlacementPointAdjustment] 🔍 SLEEVE PLACEMENT POINT CHECK: Zone 3f3107a3-1ff4-60f2-bebc-a52a386aa2e0, HasSleevePlacementPoint=False, SleevePlacementPointX=0.000000ft (0.0mm), SleevePlacementPointY=0.000000ft (0.0mm), SleevePlacementPointZ=0.000000ft (0.0mm), PlacementPoint (Input)=(13.172572ft, 0.721785ft, 2.441273ft)

[2026-01-02 20:35:36.514] [20:35:36.513] [PlacementPointAdjustment] ✅ USING WALL CENTERLINE POINT: Zone 3f3107a3-1ff4-60f2-bebc-a52a386aa2e0, WallCenterlinePoint=(13.172572ft, 1.049869ft, 2.441273ft), ForceMode=True

[2026-01-02 20:35:36.518] [20:35:36.518] [NewSleevePlacer] ?? PLACEMENT POINT: Zone 3f3107a3-1ff4-60f2-bebc-a52a386aa2e0, Point=(13.173, 1.050, 2.441)

[2026-01-02 20:35:36.554] [20:35:36.553] [NewSleevePlacer] ? INSTANCE CREATED: Zone 3f3107a3-1ff4-60f2-bebc-a52a386aa2e0, InstanceId=1210555

[2026-01-02 20:35:36.556] [20:35:36.555] [SleeveParameterService] [PARAMETERS] Zone=3f3107a3-1ff4-60f2-bebc-a52a386aa2e0, Sleeve=1210555, Width=600.0mm, Height=600.0mm, Diameter=600.0mm

[2026-01-02 20:35:36.563] [20:35:36.562] [SleeveParameterService] ✅ IMMEDIATE (CRITICAL): Set 'Sleeve Instance ID'=1210555 for sleeve 1210555

[2026-01-02 20:35:36.565] [20:35:36.564] [SleeveParameterService] ✅ IMMEDIATE: Set 'MEP_ElementId'=740042 for sleeve 1210555

[2026-01-02 20:35:36.567] [20:35:36.566] [SleeveParameterService] [SCHEDULE-LEVEL] ✅ Zone=3f3107a3-1ff4-60f2-bebc-a52a386aa2e0, Sleeve=1210555: Found Level 'Level 0' from MepElementLevelName (database - extracted during refresh) - CACHED

[2026-01-02 20:35:36.569] [20:35:36.568] [SleeveParameterService] [SCHEDULE-LEVEL] ✅ Zone=3f3107a3-1ff4-60f2-bebc-a52a386aa2e0, Sleeve=1210555: Set 'Schedule Level' to 'Level 0' (ID: 311, StorageType=ElementId) - CACHED PARAMETER

[2026-01-02 20:35:36.570] [20:35:36.570] [SleeveParameterService] [BOTTOM-OF-OPENING] 🔍 ENTRY: Zone=3f3107a3-1ff4-60f2-bebc-a52a386aa2e0, Sleeve=1210555, Height=600.0mm

[2026-01-02 20:35:36.572] [20:35:36.572] [BOTTOM-OF-OPENING] 🔍 Found Level Below: 'Level 0' at 0.0mm for Sleeve at 744.1mm

[2026-01-02 20:35:36.573] [20:35:36.573] [SleeveParameterService] [BOTTOM-OF-OPENING] ⚙️ Z-COORDINATE CALC: Sleeve=1210555, Z=744.1mm, LevelElev=0.0mm, Result=744.1mm

[2026-01-02 20:35:36.575] [20:35:36.574] [SleeveParameterService] [BOTTOM-OF-OPENING] 🔍 DIAGNOSTIC: Zone=3f3107a3-1ff4-60f2-bebc-a52a386aa2e0, Sleeve=1210555
  - elevationFromLevel (read from param): 2.44127296587926 (744.1mm)
  - scheduleOfLevel (for calculation): 2.44127296587926 (744.1mm)
  - height: 1.96850393700787 (600.0mm)

[2026-01-02 20:35:36.577] [20:35:36.576] [SleeveParameterService] [BOTTOM-OF-OPENING] 🔍 CALCULATION RESULT: Zone=3f3107a3-1ff4-60f2-bebc-a52a386aa2e0, Sleeve=1210555
  - Input: scheduleOfLevel=2.44127296587926 (744.1mm), height=1.96850393700787 (600.0mm)
  - Formula: bottomOfOpening = scheduleOfLevel - (height / 2.0) = 2.44127296587926 - (1.96850393700787 / 2.0) = 1.45702099737533
  - Calculated result: 1.45702099737533 (444.1mm)

[2026-01-02 20:35:36.579] [20:35:36.578] [SleeveParameterService] [BOTTOM-OF-OPENING] 🔍 BEFORE SETTING: Zone=3f3107a3-1ff4-60f2-bebc-a52a386aa2e0, Sleeve=1210555
  - Parameter name: 'Bottom Of Opening'
  - Parameter storage type: Double
  - Parameter is read-only: False
  - Value to set: 1.45702099737533 (444.1mm)
  - UseBatchedParameterWrites: True

[2026-01-02 20:35:36.580] [20:35:36.580] [SleeveParameterService] [BOTTOM-OF-OPENING] ✅ DEFERRED: Zone=3f3107a3-1ff4-60f2-bebc-a52a386aa2e0, Sleeve=1210555: Added to deferred parameters: Bottom Of Opening=444.1mm (will be flushed later)

[2026-01-02 20:35:36.584] [20:35:36.583] [NewSleevePlacer] ? PLACED: Zone 3f3107a3-1ff4-60f2-bebc-a52a386aa2e0, SleeveId=1210555

[2026-01-02 20:35:36.585] [20:35:36.585] [NewSleevePlacer] ? SET FLAG: Zone 3f3107a3-1ff4-60f2-bebc-a52a386aa2e0: IsResolved=true, SleeveId=1210555

[2026-01-02 20:35:36.591] [20:35:36.590] [NewSleevePlacer] ? IMMEDIATE DB UPDATE: Set SleeveInstanceId=1210555 for zone 3f3107a3-1ff4-60f2-bebc-a52a386aa2e0

[2026-01-02 20:35:36.593] [20:35:36.592] [NewSleevePlacer] ?? ATTEMPTING PLACEMENT: Zone 30808e2b-18c0-40db-60c3-4208b93ac49e, IsReplayPath=False, SleeveId=-1

[2026-01-02 20:35:36.595] [20:35:36.593] [NewSleevePlacer] ?? PlaceSleeveNormal START: Zone 30808e2b-18c0-40db-60c3-4208b93ac49e, HasPlanningDto=False

[2026-01-02 20:35:36.606] [20:35:36.606] [NewSleevePlacer] ?? FINAL DIMENSIONS: Zone 30808e2b-18c0-40db-60c3-4208b93ac49e, W=1.968504ft (600.0mm), H=0.984252ft (300.0mm), D=1.968504ft (600.0mm), Circular=False

[2026-01-02 20:35:36.611] [20:35:36.611] [NewSleevePlacer] ?? FAMILY: Zone 30808e2b-18c0-40db-60c3-4208b93ac49e, FamilyName='RectangularOpeningOnWall'

[2026-01-02 20:35:36.617] [20:35:36.616] [PlacementPointAdjustment] 🔄 SKIPPING CACHE (Linked Element): Zone 30808e2b-18c0-40db-60c3-4208b93ac49e, HostId=321070 is in linked doc 'AR-00001' - using robust fallback

[2026-01-02 20:35:36.618] [20:35:36.617] [PlacementPointAdjustment] 🔍 SLEEVE PLACEMENT POINT CHECK: Zone 30808e2b-18c0-40db-60c3-4208b93ac49e, HasSleevePlacementPoint=False, SleevePlacementPointX=0.000000ft (0.0mm), SleevePlacementPointY=0.000000ft (0.0mm), SleevePlacementPointZ=0.000000ft (0.0mm), PlacementPoint (Input)=(48.935290ft, 0.721785ft, 5.207793ft)

[2026-01-02 20:35:36.620] [20:35:36.619] [PlacementPointAdjustment] ✅ USING WALL CENTERLINE POINT: Zone 30808e2b-18c0-40db-60c3-4208b93ac49e, WallCenterlinePoint=(48.935290ft, 1.049869ft, 5.207793ft), ForceMode=True

[2026-01-02 20:35:36.623] [20:35:36.622] [NewSleevePlacer] ?? PLACEMENT POINT: Zone 30808e2b-18c0-40db-60c3-4208b93ac49e, Point=(48.935, 1.050, 5.208)

[2026-01-02 20:35:36.654] [20:35:36.654] [NewSleevePlacer] ? INSTANCE CREATED: Zone 30808e2b-18c0-40db-60c3-4208b93ac49e, InstanceId=1210562

[2026-01-02 20:35:36.656] [20:35:36.655] [SleeveParameterService] [PARAMETERS] Zone=30808e2b-18c0-40db-60c3-4208b93ac49e, Sleeve=1210562, Width=600.0mm, Height=300.0mm, Diameter=600.0mm

[2026-01-02 20:35:36.661] [20:35:36.661] [SleeveParameterService] ✅ IMMEDIATE (CRITICAL): Set 'Sleeve Instance ID'=1210562 for sleeve 1210562

[2026-01-02 20:35:36.663] [20:35:36.663] [SleeveParameterService] ✅ IMMEDIATE: Set 'MEP_ElementId'=730475 for sleeve 1210562

[2026-01-02 20:35:36.665] [20:35:36.664] [SleeveParameterService] [SCHEDULE-LEVEL] ✅ Zone=30808e2b-18c0-40db-60c3-4208b93ac49e, Sleeve=1210562: Found Level 'Level 0' from MepElementLevelName (database - extracted during refresh) - CACHED

[2026-01-02 20:35:36.667] [20:35:36.667] [SleeveParameterService] [SCHEDULE-LEVEL] ✅ Zone=30808e2b-18c0-40db-60c3-4208b93ac49e, Sleeve=1210562: Set 'Schedule Level' to 'Level 0' (ID: 311, StorageType=ElementId) - CACHED PARAMETER

[2026-01-02 20:35:36.669] [20:35:36.668] [SleeveParameterService] [BOTTOM-OF-OPENING] 🔍 ENTRY: Zone=30808e2b-18c0-40db-60c3-4208b93ac49e, Sleeve=1210562, Height=300.0mm

[2026-01-02 20:35:36.671] [20:35:36.670] [BOTTOM-OF-OPENING] 🔍 Found Level Below: 'Level 0' at 0.0mm for Sleeve at 1587.3mm

[2026-01-02 20:35:36.673] [20:35:36.672] [SleeveParameterService] [BOTTOM-OF-OPENING] ⚙️ Z-COORDINATE CALC: Sleeve=1210562, Z=1587.3mm, LevelElev=0.0mm, Result=1587.3mm

[2026-01-02 20:35:36.674] [20:35:36.673] [SleeveParameterService] [BOTTOM-OF-OPENING] 🔍 DIAGNOSTIC: Zone=30808e2b-18c0-40db-60c3-4208b93ac49e, Sleeve=1210562
  - elevationFromLevel (read from param): 5.20779330729895 (1587.3mm)
  - scheduleOfLevel (for calculation): 5.20779330729895 (1587.3mm)
  - height: 0.984251968503937 (300.0mm)

[2026-01-02 20:35:36.675] [20:35:36.675] [SleeveParameterService] [BOTTOM-OF-OPENING] 🔍 CALCULATION RESULT: Zone=30808e2b-18c0-40db-60c3-4208b93ac49e, Sleeve=1210562
  - Input: scheduleOfLevel=5.20779330729895 (1587.3mm), height=0.984251968503937 (300.0mm)
  - Formula: bottomOfOpening = scheduleOfLevel - (height / 2.0) = 5.20779330729895 - (0.984251968503937 / 2.0) = 4.71566732304699
  - Calculated result: 4.71566732304699 (1437.3mm)

[2026-01-02 20:35:36.678] [20:35:36.676] [SleeveParameterService] [BOTTOM-OF-OPENING] 🔍 BEFORE SETTING: Zone=30808e2b-18c0-40db-60c3-4208b93ac49e, Sleeve=1210562
  - Parameter name: 'Bottom Of Opening'
  - Parameter storage type: Double
  - Parameter is read-only: False
  - Value to set: 4.71566732304699 (1437.3mm)
  - UseBatchedParameterWrites: True

[2026-01-02 20:35:36.679] [20:35:36.678] [SleeveParameterService] [BOTTOM-OF-OPENING] ✅ DEFERRED: Zone=30808e2b-18c0-40db-60c3-4208b93ac49e, Sleeve=1210562: Added to deferred parameters: Bottom Of Opening=1437.3mm (will be flushed later)

[2026-01-02 20:35:36.683] [20:35:36.682] [NewSleevePlacer] ? PLACED: Zone 30808e2b-18c0-40db-60c3-4208b93ac49e, SleeveId=1210562

[2026-01-02 20:35:36.684] [20:35:36.684] [NewSleevePlacer] ? SET FLAG: Zone 30808e2b-18c0-40db-60c3-4208b93ac49e: IsResolved=true, SleeveId=1210562

[2026-01-02 20:35:36.690] [20:35:36.689] [NewSleevePlacer] ? IMMEDIATE DB UPDATE: Set SleeveInstanceId=1210562 for zone 30808e2b-18c0-40db-60c3-4208b93ac49e

[2026-01-02 20:35:36.692] [20:35:36.691] [NewSleevePlacer] ?? ATTEMPTING PLACEMENT: Zone df7fc73d-898f-9c2d-29b7-0c673b9b8c64, IsReplayPath=False, SleeveId=-1

[2026-01-02 20:35:36.694] [20:35:36.693] [NewSleevePlacer] ?? PlaceSleeveNormal START: Zone df7fc73d-898f-9c2d-29b7-0c673b9b8c64, HasPlanningDto=False

[2026-01-02 20:35:36.705] [20:35:36.704] [NewSleevePlacer] ?? FINAL DIMENSIONS: Zone df7fc73d-898f-9c2d-29b7-0c673b9b8c64, W=1.968504ft (600.0mm), H=0.984252ft (300.0mm), D=1.968504ft (600.0mm), Circular=False

[2026-01-02 20:35:36.707] [20:35:36.706] [NewSleevePlacer] ?? FAMILY: Zone df7fc73d-898f-9c2d-29b7-0c673b9b8c64, FamilyName='RectangularOpeningOnWall'

[2026-01-02 20:35:36.712] [20:35:36.711] [PlacementPointAdjustment] 🔄 SKIPPING CACHE (Linked Element): Zone df7fc73d-898f-9c2d-29b7-0c673b9b8c64, HostId=321070 is in linked doc 'AR-00001' - using robust fallback

[2026-01-02 20:35:36.715] [20:35:36.713] [PlacementPointAdjustment] 🔍 SLEEVE PLACEMENT POINT CHECK: Zone df7fc73d-898f-9c2d-29b7-0c673b9b8c64, HasSleevePlacementPoint=False, SleevePlacementPointX=0.000000ft (0.0mm), SleevePlacementPointY=0.000000ft (0.0mm), SleevePlacementPointZ=0.000000ft (0.0mm), PlacementPoint (Input)=(49.711806ft, 0.721785ft, 10.562212ft)

[2026-01-02 20:35:36.716] [20:35:36.716] [PlacementPointAdjustment] ✅ USING WALL CENTERLINE POINT: Zone df7fc73d-898f-9c2d-29b7-0c673b9b8c64, WallCenterlinePoint=(49.711806ft, 1.049869ft, 10.562212ft), ForceMode=True

[2026-01-02 20:35:36.719] [20:35:36.719] [NewSleevePlacer] ?? PLACEMENT POINT: Zone df7fc73d-898f-9c2d-29b7-0c673b9b8c64, Point=(49.712, 1.050, 10.562)

[2026-01-02 20:35:36.750] [20:35:36.749] [NewSleevePlacer] ? INSTANCE CREATED: Zone df7fc73d-898f-9c2d-29b7-0c673b9b8c64, InstanceId=1210569

[2026-01-02 20:35:36.752] [20:35:36.751] [SleeveParameterService] [PARAMETERS] Zone=df7fc73d-898f-9c2d-29b7-0c673b9b8c64, Sleeve=1210569, Width=600.0mm, Height=300.0mm, Diameter=600.0mm

[2026-01-02 20:35:36.757] [20:35:36.757] [SleeveParameterService] ✅ IMMEDIATE (CRITICAL): Set 'Sleeve Instance ID'=1210569 for sleeve 1210569

[2026-01-02 20:35:36.759] [20:35:36.759] [SleeveParameterService] ✅ IMMEDIATE: Set 'MEP_ElementId'=736422 for sleeve 1210569

[2026-01-02 20:35:36.761] [20:35:36.760] [SleeveParameterService] [SCHEDULE-LEVEL] ✅ Zone=df7fc73d-898f-9c2d-29b7-0c673b9b8c64, Sleeve=1210569: Found Level 'Level 0' from MepElementLevelName (database - extracted during refresh) - CACHED

[2026-01-02 20:35:36.763] [20:35:36.763] [SleeveParameterService] [SCHEDULE-LEVEL] ✅ Zone=df7fc73d-898f-9c2d-29b7-0c673b9b8c64, Sleeve=1210569: Set 'Schedule Level' to 'Level 0' (ID: 311, StorageType=ElementId) - CACHED PARAMETER

[2026-01-02 20:35:36.765] [20:35:36.764] [SleeveParameterService] [BOTTOM-OF-OPENING] 🔍 ENTRY: Zone=df7fc73d-898f-9c2d-29b7-0c673b9b8c64, Sleeve=1210569, Height=300.0mm

[2026-01-02 20:35:36.766] [20:35:36.765] [BOTTOM-OF-OPENING] 🔍 Found Level Below: 'Level 0' at 0.0mm for Sleeve at 3219.4mm

[2026-01-02 20:35:36.768] [20:35:36.767] [SleeveParameterService] [BOTTOM-OF-OPENING] ⚙️ Z-COORDINATE CALC: Sleeve=1210569, Z=3219.4mm, LevelElev=0.0mm, Result=3219.4mm

[2026-01-02 20:35:36.770] [20:35:36.769] [SleeveParameterService] [BOTTOM-OF-OPENING] 🔍 DIAGNOSTIC: Zone=df7fc73d-898f-9c2d-29b7-0c673b9b8c64, Sleeve=1210569
  - elevationFromLevel (read from param): 10.5622117252029 (3219.4mm)
  - scheduleOfLevel (for calculation): 10.5622117252029 (3219.4mm)
  - height: 0.984251968503937 (300.0mm)

[2026-01-02 20:35:36.772] [20:35:36.771] [SleeveParameterService] [BOTTOM-OF-OPENING] 🔍 CALCULATION RESULT: Zone=df7fc73d-898f-9c2d-29b7-0c673b9b8c64, Sleeve=1210569
  - Input: scheduleOfLevel=10.5622117252029 (3219.4mm), height=0.984251968503937 (300.0mm)
  - Formula: bottomOfOpening = scheduleOfLevel - (height / 2.0) = 10.5622117252029 - (0.984251968503937 / 2.0) = 10.0700857409509
  - Calculated result: 10.0700857409509 (3069.4mm)

[2026-01-02 20:35:36.774] [20:35:36.773] [SleeveParameterService] [BOTTOM-OF-OPENING] 🔍 BEFORE SETTING: Zone=df7fc73d-898f-9c2d-29b7-0c673b9b8c64, Sleeve=1210569
  - Parameter name: 'Bottom Of Opening'
  - Parameter storage type: Double
  - Parameter is read-only: False
  - Value to set: 10.0700857409509 (3069.4mm)
  - UseBatchedParameterWrites: True

[2026-01-02 20:35:36.775] [20:35:36.775] [SleeveParameterService] [BOTTOM-OF-OPENING] ✅ DEFERRED: Zone=df7fc73d-898f-9c2d-29b7-0c673b9b8c64, Sleeve=1210569: Added to deferred parameters: Bottom Of Opening=3069.4mm (will be flushed later)

[2026-01-02 20:35:36.779] [20:35:36.778] [NewSleevePlacer] ? PLACED: Zone df7fc73d-898f-9c2d-29b7-0c673b9b8c64, SleeveId=1210569

[2026-01-02 20:35:36.780] [20:35:36.779] [NewSleevePlacer] ? SET FLAG: Zone df7fc73d-898f-9c2d-29b7-0c673b9b8c64: IsResolved=true, SleeveId=1210569

[2026-01-02 20:35:36.786] [20:35:36.785] [NewSleevePlacer] ? IMMEDIATE DB UPDATE: Set SleeveInstanceId=1210569 for zone df7fc73d-898f-9c2d-29b7-0c673b9b8c64

[2026-01-02 20:35:36.787] [20:35:36.787] [NewSleevePlacer] ?? ATTEMPTING PLACEMENT: Zone 720e069c-a6a6-25fe-1056-445e5f0e7aac, IsReplayPath=False, SleeveId=-1

[2026-01-02 20:35:36.789] [20:35:36.789] [NewSleevePlacer] ?? PlaceSleeveNormal START: Zone 720e069c-a6a6-25fe-1056-445e5f0e7aac, HasPlanningDto=False

[2026-01-02 20:35:36.802] [20:35:36.802] [NewSleevePlacer] ?? FINAL DIMENSIONS: Zone 720e069c-a6a6-25fe-1056-445e5f0e7aac, W=1.804462ft (550.0mm), H=0.984252ft (300.0mm), D=1.804462ft (550.0mm), Circular=False

[2026-01-02 20:35:36.804] [20:35:36.803] [NewSleevePlacer] ?? FAMILY: Zone 720e069c-a6a6-25fe-1056-445e5f0e7aac, FamilyName='RectangularOpeningOnWall'

[2026-01-02 20:35:36.809] [20:35:36.808] [PlacementPointAdjustment] 🔄 SKIPPING CACHE (Linked Element): Zone 720e069c-a6a6-25fe-1056-445e5f0e7aac, HostId=321070 is in linked doc 'AR-00001' - using robust fallback

[2026-01-02 20:35:36.811] [20:35:36.811] [PlacementPointAdjustment] 🔍 SLEEVE PLACEMENT POINT CHECK: Zone 720e069c-a6a6-25fe-1056-445e5f0e7aac, HasSleevePlacementPoint=False, SleevePlacementPointX=0.000000ft (0.0mm), SleevePlacementPointY=0.000000ft (0.0mm), SleevePlacementPointZ=0.000000ft (0.0mm), PlacementPoint (Input)=(25.420322ft, 0.721785ft, 10.322623ft)

[2026-01-02 20:35:36.813] [20:35:36.812] [PlacementPointAdjustment] ✅ USING WALL CENTERLINE POINT: Zone 720e069c-a6a6-25fe-1056-445e5f0e7aac, WallCenterlinePoint=(25.420322ft, 1.049869ft, 10.322623ft), ForceMode=True

[2026-01-02 20:35:36.817] [20:35:36.816] [NewSleevePlacer] ?? PLACEMENT POINT: Zone 720e069c-a6a6-25fe-1056-445e5f0e7aac, Point=(25.420, 1.050, 10.323)

[2026-01-02 20:35:36.848] [20:35:36.847] [NewSleevePlacer] ? INSTANCE CREATED: Zone 720e069c-a6a6-25fe-1056-445e5f0e7aac, InstanceId=1210576

[2026-01-02 20:35:36.849] [20:35:36.848] [SleeveParameterService] [PARAMETERS] Zone=720e069c-a6a6-25fe-1056-445e5f0e7aac, Sleeve=1210576, Width=550.0mm, Height=300.0mm, Diameter=550.0mm

[2026-01-02 20:35:36.854] [20:35:36.853] [SleeveParameterService] ✅ IMMEDIATE (CRITICAL): Set 'Sleeve Instance ID'=1210576 for sleeve 1210576

[2026-01-02 20:35:36.856] [20:35:36.855] [SleeveParameterService] ✅ IMMEDIATE: Set 'MEP_ElementId'=735391 for sleeve 1210576

[2026-01-02 20:35:36.858] [20:35:36.857] [SleeveParameterService] [SCHEDULE-LEVEL] ✅ Zone=720e069c-a6a6-25fe-1056-445e5f0e7aac, Sleeve=1210576: Found Level 'Level 0' from MepElementLevelName (database - extracted during refresh) - CACHED

[2026-01-02 20:35:36.859] [20:35:36.859] [SleeveParameterService] [SCHEDULE-LEVEL] ✅ Zone=720e069c-a6a6-25fe-1056-445e5f0e7aac, Sleeve=1210576: Set 'Schedule Level' to 'Level 0' (ID: 311, StorageType=ElementId) - CACHED PARAMETER

[2026-01-02 20:35:36.861] [20:35:36.861] [SleeveParameterService] [BOTTOM-OF-OPENING] 🔍 ENTRY: Zone=720e069c-a6a6-25fe-1056-445e5f0e7aac, Sleeve=1210576, Height=300.0mm

[2026-01-02 20:35:36.864] [20:35:36.863] [BOTTOM-OF-OPENING] 🔍 Found Level Below: 'Level 0' at 0.0mm for Sleeve at 3146.3mm

[2026-01-02 20:35:36.865] [20:35:36.865] [SleeveParameterService] [BOTTOM-OF-OPENING] ⚙️ Z-COORDINATE CALC: Sleeve=1210576, Z=3146.3mm, LevelElev=0.0mm, Result=3146.3mm

[2026-01-02 20:35:36.866] [20:35:36.866] [SleeveParameterService] [BOTTOM-OF-OPENING] 🔍 DIAGNOSTIC: Zone=720e069c-a6a6-25fe-1056-445e5f0e7aac, Sleeve=1210576
  - elevationFromLevel (read from param): 10.3226229643402 (3146.3mm)
  - scheduleOfLevel (for calculation): 10.3226229643402 (3146.3mm)
  - height: 0.984251968503937 (300.0mm)

[2026-01-02 20:35:36.868] [20:35:36.867] [SleeveParameterService] [BOTTOM-OF-OPENING] 🔍 CALCULATION RESULT: Zone=720e069c-a6a6-25fe-1056-445e5f0e7aac, Sleeve=1210576
  - Input: scheduleOfLevel=10.3226229643402 (3146.3mm), height=0.984251968503937 (300.0mm)
  - Formula: bottomOfOpening = scheduleOfLevel - (height / 2.0) = 10.3226229643402 - (0.984251968503937 / 2.0) = 9.83049698008819
  - Calculated result: 9.83049698008819 (2996.3mm)

[2026-01-02 20:35:36.870] [20:35:36.869] [SleeveParameterService] [BOTTOM-OF-OPENING] 🔍 BEFORE SETTING: Zone=720e069c-a6a6-25fe-1056-445e5f0e7aac, Sleeve=1210576
  - Parameter name: 'Bottom Of Opening'
  - Parameter storage type: Double
  - Parameter is read-only: False
  - Value to set: 9.83049698008819 (2996.3mm)
  - UseBatchedParameterWrites: True

[2026-01-02 20:35:36.871] [20:35:36.871] [SleeveParameterService] [BOTTOM-OF-OPENING] ✅ DEFERRED: Zone=720e069c-a6a6-25fe-1056-445e5f0e7aac, Sleeve=1210576: Added to deferred parameters: Bottom Of Opening=2996.3mm (will be flushed later)

[2026-01-02 20:35:36.875] [20:35:36.874] [NewSleevePlacer] ? PLACED: Zone 720e069c-a6a6-25fe-1056-445e5f0e7aac, SleeveId=1210576

[2026-01-02 20:35:36.876] [20:35:36.876] [NewSleevePlacer] ? SET FLAG: Zone 720e069c-a6a6-25fe-1056-445e5f0e7aac: IsResolved=true, SleeveId=1210576

[2026-01-02 20:35:36.882] [20:35:36.881] [NewSleevePlacer] ? IMMEDIATE DB UPDATE: Set SleeveInstanceId=1210576 for zone 720e069c-a6a6-25fe-1056-445e5f0e7aac

[2026-01-02 20:35:36.884] [20:35:36.883] [NewSleevePlacer] ?? ATTEMPTING PLACEMENT: Zone 049cd767-5dd6-cd86-93b1-07e9c5e91455, IsReplayPath=False, SleeveId=-1

[2026-01-02 20:35:36.886] [20:35:36.885] [NewSleevePlacer] ?? PlaceSleeveNormal START: Zone 049cd767-5dd6-cd86-93b1-07e9c5e91455, HasPlanningDto=False

[2026-01-02 20:35:36.898] [20:35:36.897] [NewSleevePlacer] ?? FINAL DIMENSIONS: Zone 049cd767-5dd6-cd86-93b1-07e9c5e91455, W=3.444882ft (1050.0mm), H=1.968504ft (600.0mm), D=3.444882ft (1050.0mm), Circular=False

[2026-01-02 20:35:36.899] [20:35:36.898] [NewSleevePlacer] ?? FAMILY: Zone 049cd767-5dd6-cd86-93b1-07e9c5e91455, FamilyName='RectangularOpeningOnWall'

[2026-01-02 20:35:36.905] [20:35:36.904] [PlacementPointAdjustment] 🔄 SKIPPING CACHE (Linked Element): Zone 049cd767-5dd6-cd86-93b1-07e9c5e91455, HostId=321070 is in linked doc 'AR-00001' - using robust fallback

[2026-01-02 20:35:36.907] [20:35:36.906] [PlacementPointAdjustment] 🔍 SLEEVE PLACEMENT POINT CHECK: Zone 049cd767-5dd6-cd86-93b1-07e9c5e91455, HasSleevePlacementPoint=False, SleevePlacementPointX=0.000000ft (0.0mm), SleevePlacementPointY=0.000000ft (0.0mm), SleevePlacementPointZ=0.000000ft (0.0mm), PlacementPoint (Input)=(23.974409ft, 0.721785ft, 4.180099ft)

[2026-01-02 20:35:36.908] [20:35:36.908] [PlacementPointAdjustment] ✅ USING WALL CENTERLINE POINT: Zone 049cd767-5dd6-cd86-93b1-07e9c5e91455, WallCenterlinePoint=(23.974409ft, 1.049869ft, 4.180099ft), ForceMode=True

[2026-01-02 20:35:36.912] [20:35:36.911] [NewSleevePlacer] ?? PLACEMENT POINT: Zone 049cd767-5dd6-cd86-93b1-07e9c5e91455, Point=(23.974, 1.050, 4.180)

[2026-01-02 20:35:36.942] [20:35:36.942] [NewSleevePlacer] ? INSTANCE CREATED: Zone 049cd767-5dd6-cd86-93b1-07e9c5e91455, InstanceId=1210583

[2026-01-02 20:35:36.944] [20:35:36.943] [SleeveParameterService] [PARAMETERS] Zone=049cd767-5dd6-cd86-93b1-07e9c5e91455, Sleeve=1210583, Width=1050.0mm, Height=600.0mm, Diameter=1050.0mm

[2026-01-02 20:35:36.949] [20:35:36.948] [SleeveParameterService] ✅ IMMEDIATE (CRITICAL): Set 'Sleeve Instance ID'=1210583 for sleeve 1210583

[2026-01-02 20:35:36.952] [20:35:36.951] [SleeveParameterService] ✅ IMMEDIATE: Set 'MEP_ElementId'=735253 for sleeve 1210583

[2026-01-02 20:35:36.953] [20:35:36.953] [SleeveParameterService] [SCHEDULE-LEVEL] ✅ Zone=049cd767-5dd6-cd86-93b1-07e9c5e91455, Sleeve=1210583: Found Level 'Level 0' from MepElementLevelName (database - extracted during refresh) - CACHED

[2026-01-02 20:35:36.955] [20:35:36.955] [SleeveParameterService] [SCHEDULE-LEVEL] ✅ Zone=049cd767-5dd6-cd86-93b1-07e9c5e91455, Sleeve=1210583: Set 'Schedule Level' to 'Level 0' (ID: 311, StorageType=ElementId) - CACHED PARAMETER

[2026-01-02 20:35:36.957] [20:35:36.956] [SleeveParameterService] [BOTTOM-OF-OPENING] 🔍 ENTRY: Zone=049cd767-5dd6-cd86-93b1-07e9c5e91455, Sleeve=1210583, Height=600.0mm

[2026-01-02 20:35:36.959] [20:35:36.958] [BOTTOM-OF-OPENING] 🔍 Found Level Below: 'Level 0' at 0.0mm for Sleeve at 1274.1mm

[2026-01-02 20:35:36.960] [20:35:36.960] [SleeveParameterService] [BOTTOM-OF-OPENING] ⚙️ Z-COORDINATE CALC: Sleeve=1210583, Z=1274.1mm, LevelElev=0.0mm, Result=1274.1mm

[2026-01-02 20:35:36.962] [20:35:36.961] [SleeveParameterService] [BOTTOM-OF-OPENING] 🔍 DIAGNOSTIC: Zone=049cd767-5dd6-cd86-93b1-07e9c5e91455, Sleeve=1210583
  - elevationFromLevel (read from param): 4.18009889434566 (1274.1mm)
  - scheduleOfLevel (for calculation): 4.18009889434566 (1274.1mm)
  - height: 1.96850393700787 (600.0mm)

[2026-01-02 20:35:36.963] [20:35:36.963] [SleeveParameterService] [BOTTOM-OF-OPENING] 🔍 CALCULATION RESULT: Zone=049cd767-5dd6-cd86-93b1-07e9c5e91455, Sleeve=1210583
  - Input: scheduleOfLevel=4.18009889434566 (1274.1mm), height=1.96850393700787 (600.0mm)
  - Formula: bottomOfOpening = scheduleOfLevel - (height / 2.0) = 4.18009889434566 - (1.96850393700787 / 2.0) = 3.19584692584172
  - Calculated result: 3.19584692584172 (974.1mm)

[2026-01-02 20:35:36.965] [20:35:36.965] [SleeveParameterService] [BOTTOM-OF-OPENING] 🔍 BEFORE SETTING: Zone=049cd767-5dd6-cd86-93b1-07e9c5e91455, Sleeve=1210583
  - Parameter name: 'Bottom Of Opening'
  - Parameter storage type: Double
  - Parameter is read-only: False
  - Value to set: 3.19584692584172 (974.1mm)
  - UseBatchedParameterWrites: True

[2026-01-02 20:35:36.967] [20:35:36.966] [SleeveParameterService] [BOTTOM-OF-OPENING] ✅ DEFERRED: Zone=049cd767-5dd6-cd86-93b1-07e9c5e91455, Sleeve=1210583: Added to deferred parameters: Bottom Of Opening=974.1mm (will be flushed later)

[2026-01-02 20:35:36.970] [20:35:36.969] [NewSleevePlacer] ? PLACED: Zone 049cd767-5dd6-cd86-93b1-07e9c5e91455, SleeveId=1210583

[2026-01-02 20:35:36.972] [20:35:36.971] [NewSleevePlacer] ? SET FLAG: Zone 049cd767-5dd6-cd86-93b1-07e9c5e91455: IsResolved=true, SleeveId=1210583

[2026-01-02 20:35:36.977] [20:35:36.976] [NewSleevePlacer] ? IMMEDIATE DB UPDATE: Set SleeveInstanceId=1210583 for zone 049cd767-5dd6-cd86-93b1-07e9c5e91455

[2026-01-02 20:35:36.979] [20:35:36.978] [NewSleevePlacer] ?? ATTEMPTING PLACEMENT: Zone 2031e5e3-284f-f716-e3f7-64ce8a6a00c9, IsReplayPath=False, SleeveId=-1

[2026-01-02 20:35:36.980] [20:35:36.980] [NewSleevePlacer] ?? PlaceSleeveNormal START: Zone 2031e5e3-284f-f716-e3f7-64ce8a6a00c9, HasPlanningDto=False

[2026-01-02 20:35:36.993] [20:35:36.992] [NewSleevePlacer] ?? FINAL DIMENSIONS: Zone 2031e5e3-284f-f716-e3f7-64ce8a6a00c9, W=3.444882ft (1050.0mm), H=1.968504ft (600.0mm), D=3.444882ft (1050.0mm), Circular=False

[2026-01-02 20:35:36.995] [20:35:36.994] [NewSleevePlacer] ?? FAMILY: Zone 2031e5e3-284f-f716-e3f7-64ce8a6a00c9, FamilyName='RectangularOpeningOnWall'

[2026-01-02 20:35:37.000] [20:35:36.999] [PlacementPointAdjustment] 🔄 SKIPPING CACHE (Linked Element): Zone 2031e5e3-284f-f716-e3f7-64ce8a6a00c9, HostId=321070 is in linked doc 'AR-00001' - using robust fallback

[2026-01-02 20:35:37.002] [20:35:37.001] [PlacementPointAdjustment] 🔍 SLEEVE PLACEMENT POINT CHECK: Zone 2031e5e3-284f-f716-e3f7-64ce8a6a00c9, HasSleevePlacementPoint=False, SleevePlacementPointX=0.000000ft (0.0mm), SleevePlacementPointY=0.000000ft (0.0mm), SleevePlacementPointZ=0.000000ft (0.0mm), PlacementPoint (Input)=(30.240213ft, 0.721785ft, 4.216802ft)

[2026-01-02 20:35:37.003] [20:35:37.003] [PlacementPointAdjustment] ✅ USING WALL CENTERLINE POINT: Zone 2031e5e3-284f-f716-e3f7-64ce8a6a00c9, WallCenterlinePoint=(30.240213ft, 1.049869ft, 4.216802ft), ForceMode=True

[2026-01-02 20:35:37.007] [20:35:37.006] [NewSleevePlacer] ?? PLACEMENT POINT: Zone 2031e5e3-284f-f716-e3f7-64ce8a6a00c9, Point=(30.240, 1.050, 4.217)

[2026-01-02 20:35:37.038] [20:35:37.037] [NewSleevePlacer] ? INSTANCE CREATED: Zone 2031e5e3-284f-f716-e3f7-64ce8a6a00c9, InstanceId=1210590

[2026-01-02 20:35:37.040] [20:35:37.039] [SleeveParameterService] [PARAMETERS] Zone=2031e5e3-284f-f716-e3f7-64ce8a6a00c9, Sleeve=1210590, Width=1050.0mm, Height=600.0mm, Diameter=1050.0mm

[2026-01-02 20:35:37.045] [20:35:37.045] [SleeveParameterService] ✅ IMMEDIATE (CRITICAL): Set 'Sleeve Instance ID'=1210590 for sleeve 1210590

[2026-01-02 20:35:37.048] [20:35:37.047] [SleeveParameterService] ✅ IMMEDIATE: Set 'MEP_ElementId'=735656 for sleeve 1210590

[2026-01-02 20:35:37.049] [20:35:37.049] [SleeveParameterService] [SCHEDULE-LEVEL] ✅ Zone=2031e5e3-284f-f716-e3f7-64ce8a6a00c9, Sleeve=1210590: Found Level 'Level 0' from MepElementLevelName (database - extracted during refresh) - CACHED

[2026-01-02 20:35:37.051] [20:35:37.051] [SleeveParameterService] [SCHEDULE-LEVEL] ✅ Zone=2031e5e3-284f-f716-e3f7-64ce8a6a00c9, Sleeve=1210590: Set 'Schedule Level' to 'Level 0' (ID: 311, StorageType=ElementId) - CACHED PARAMETER

[2026-01-02 20:35:37.053] [20:35:37.052] [SleeveParameterService] [BOTTOM-OF-OPENING] 🔍 ENTRY: Zone=2031e5e3-284f-f716-e3f7-64ce8a6a00c9, Sleeve=1210590, Height=600.0mm

[2026-01-02 20:35:37.055] [20:35:37.054] [BOTTOM-OF-OPENING] 🔍 Found Level Below: 'Level 0' at 0.0mm for Sleeve at 1285.3mm

[2026-01-02 20:35:37.056] [20:35:37.056] [SleeveParameterService] [BOTTOM-OF-OPENING] ⚙️ Z-COORDINATE CALC: Sleeve=1210590, Z=1285.3mm, LevelElev=0.0mm, Result=1285.3mm

[2026-01-02 20:35:37.058] [20:35:37.057] [SleeveParameterService] [BOTTOM-OF-OPENING] 🔍 DIAGNOSTIC: Zone=2031e5e3-284f-f716-e3f7-64ce8a6a00c9, Sleeve=1210590
  - elevationFromLevel (read from param): 4.21680207048782 (1285.3mm)
  - scheduleOfLevel (for calculation): 4.21680207048782 (1285.3mm)
  - height: 1.96850393700787 (600.0mm)

[2026-01-02 20:35:37.060] [20:35:37.059] [SleeveParameterService] [BOTTOM-OF-OPENING] 🔍 CALCULATION RESULT: Zone=2031e5e3-284f-f716-e3f7-64ce8a6a00c9, Sleeve=1210590
  - Input: scheduleOfLevel=4.21680207048782 (1285.3mm), height=1.96850393700787 (600.0mm)
  - Formula: bottomOfOpening = scheduleOfLevel - (height / 2.0) = 4.21680207048782 - (1.96850393700787 / 2.0) = 3.23255010198388
  - Calculated result: 3.23255010198388 (985.3mm)

[2026-01-02 20:35:37.061] [20:35:37.061] [SleeveParameterService] [BOTTOM-OF-OPENING] 🔍 BEFORE SETTING: Zone=2031e5e3-284f-f716-e3f7-64ce8a6a00c9, Sleeve=1210590
  - Parameter name: 'Bottom Of Opening'
  - Parameter storage type: Double
  - Parameter is read-only: False
  - Value to set: 3.23255010198388 (985.3mm)
  - UseBatchedParameterWrites: True

[2026-01-02 20:35:37.063] [20:35:37.062] [SleeveParameterService] [BOTTOM-OF-OPENING] ✅ DEFERRED: Zone=2031e5e3-284f-f716-e3f7-64ce8a6a00c9, Sleeve=1210590: Added to deferred parameters: Bottom Of Opening=985.3mm (will be flushed later)

[2026-01-02 20:35:37.066] [20:35:37.066] [NewSleevePlacer] ? PLACED: Zone 2031e5e3-284f-f716-e3f7-64ce8a6a00c9, SleeveId=1210590

[2026-01-02 20:35:37.067] [20:35:37.067] [NewSleevePlacer] ? SET FLAG: Zone 2031e5e3-284f-f716-e3f7-64ce8a6a00c9: IsResolved=true, SleeveId=1210590

[2026-01-02 20:35:37.073] [20:35:37.072] [NewSleevePlacer] ? IMMEDIATE DB UPDATE: Set SleeveInstanceId=1210590 for zone 2031e5e3-284f-f716-e3f7-64ce8a6a00c9

[2026-01-02 20:35:37.075] [20:35:37.074] [NewSleevePlacer] ?? ATTEMPTING PLACEMENT: Zone 6c8919ef-e5a7-bb03-804e-7efc809efd31, IsReplayPath=False, SleeveId=-1

[2026-01-02 20:35:37.076] [20:35:37.076] [NewSleevePlacer] ?? PlaceSleeveNormal START: Zone 6c8919ef-e5a7-bb03-804e-7efc809efd31, HasPlanningDto=False

[2026-01-02 20:35:37.089] [20:35:37.088] [NewSleevePlacer] ?? FINAL DIMENSIONS: Zone 6c8919ef-e5a7-bb03-804e-7efc809efd31, W=3.280840ft (1000.0mm), H=1.804462ft (550.0mm), D=3.280840ft (1000.0mm), Circular=False

[2026-01-02 20:35:37.091] [20:35:37.090] [NewSleevePlacer] ?? FAMILY: Zone 6c8919ef-e5a7-bb03-804e-7efc809efd31, FamilyName='RectangularOpeningOnWall'

[2026-01-02 20:35:37.096] [20:35:37.095] [PlacementPointAdjustment] 🔄 SKIPPING CACHE (Linked Element): Zone 6c8919ef-e5a7-bb03-804e-7efc809efd31, HostId=321070 is in linked doc 'AR-00001' - using robust fallback

[2026-01-02 20:35:37.097] [20:35:37.097] [PlacementPointAdjustment] 🔍 SLEEVE PLACEMENT POINT CHECK: Zone 6c8919ef-e5a7-bb03-804e-7efc809efd31, HasSleevePlacementPoint=False, SleevePlacementPointX=0.000000ft (0.0mm), SleevePlacementPointY=0.000000ft (0.0mm), SleevePlacementPointZ=0.000000ft (0.0mm), PlacementPoint (Input)=(51.283181ft, 0.721785ft, 5.165309ft)

[2026-01-02 20:35:37.099] [20:35:37.098] [PlacementPointAdjustment] ✅ USING WALL CENTERLINE POINT: Zone 6c8919ef-e5a7-bb03-804e-7efc809efd31, WallCenterlinePoint=(51.283181ft, 1.049869ft, 5.165309ft), ForceMode=True

[2026-01-02 20:35:37.102] [20:35:37.101] [NewSleevePlacer] ?? PLACEMENT POINT: Zone 6c8919ef-e5a7-bb03-804e-7efc809efd31, Point=(51.283, 1.050, 5.165)

[2026-01-02 20:35:37.133] [20:35:37.132] [NewSleevePlacer] ? INSTANCE CREATED: Zone 6c8919ef-e5a7-bb03-804e-7efc809efd31, InstanceId=1210597

[2026-01-02 20:35:37.135] [20:35:37.134] [SleeveParameterService] [PARAMETERS] Zone=6c8919ef-e5a7-bb03-804e-7efc809efd31, Sleeve=1210597, Width=1000.0mm, Height=550.0mm, Diameter=1000.0mm

[2026-01-02 20:35:37.141] [20:35:37.140] [SleeveParameterService] ✅ IMMEDIATE (CRITICAL): Set 'Sleeve Instance ID'=1210597 for sleeve 1210597

[2026-01-02 20:35:37.143] [20:35:37.142] [SleeveParameterService] ✅ IMMEDIATE: Set 'MEP_ElementId'=730851 for sleeve 1210597

[2026-01-02 20:35:37.145] [20:35:37.144] [SleeveParameterService] [SCHEDULE-LEVEL] ✅ Zone=6c8919ef-e5a7-bb03-804e-7efc809efd31, Sleeve=1210597: Found Level 'Level 0' from MepElementLevelName (database - extracted during refresh) - CACHED

[2026-01-02 20:35:37.146] [20:35:37.146] [SleeveParameterService] [SCHEDULE-LEVEL] ✅ Zone=6c8919ef-e5a7-bb03-804e-7efc809efd31, Sleeve=1210597: Set 'Schedule Level' to 'Level 0' (ID: 311, StorageType=ElementId) - CACHED PARAMETER

[2026-01-02 20:35:37.148] [20:35:37.147] [SleeveParameterService] [BOTTOM-OF-OPENING] 🔍 ENTRY: Zone=6c8919ef-e5a7-bb03-804e-7efc809efd31, Sleeve=1210597, Height=550.0mm

[2026-01-02 20:35:37.150] [20:35:37.149] [BOTTOM-OF-OPENING] 🔍 Found Level Below: 'Level 0' at 0.0mm for Sleeve at 1574.4mm

[2026-01-02 20:35:37.151] [20:35:37.151] [SleeveParameterService] [BOTTOM-OF-OPENING] ⚙️ Z-COORDINATE CALC: Sleeve=1210597, Z=1574.4mm, LevelElev=0.0mm, Result=1574.4mm

[2026-01-02 20:35:37.153] [20:35:37.152] [SleeveParameterService] [BOTTOM-OF-OPENING] 🔍 DIAGNOSTIC: Zone=6c8919ef-e5a7-bb03-804e-7efc809efd31, Sleeve=1210597
  - elevationFromLevel (read from param): 5.16530853693939 (1574.4mm)
  - scheduleOfLevel (for calculation): 5.16530853693939 (1574.4mm)
  - height: 1.80446194225722 (550.0mm)

[2026-01-02 20:35:37.155] [20:35:37.154] [SleeveParameterService] [BOTTOM-OF-OPENING] 🔍 CALCULATION RESULT: Zone=6c8919ef-e5a7-bb03-804e-7efc809efd31, Sleeve=1210597
  - Input: scheduleOfLevel=5.16530853693939 (1574.4mm), height=1.80446194225722 (550.0mm)
  - Formula: bottomOfOpening = scheduleOfLevel - (height / 2.0) = 5.16530853693939 - (1.80446194225722 / 2.0) = 4.26307756581078
  - Calculated result: 4.26307756581078 (1299.4mm)

[2026-01-02 20:35:37.156] [20:35:37.156] [SleeveParameterService] [BOTTOM-OF-OPENING] 🔍 BEFORE SETTING: Zone=6c8919ef-e5a7-bb03-804e-7efc809efd31, Sleeve=1210597
  - Parameter name: 'Bottom Of Opening'
  - Parameter storage type: Double
  - Parameter is read-only: False
  - Value to set: 4.26307756581078 (1299.4mm)
  - UseBatchedParameterWrites: True

[2026-01-02 20:35:37.158] [20:35:37.158] [SleeveParameterService] [BOTTOM-OF-OPENING] ✅ DEFERRED: Zone=6c8919ef-e5a7-bb03-804e-7efc809efd31, Sleeve=1210597: Added to deferred parameters: Bottom Of Opening=1299.4mm (will be flushed later)

[2026-01-02 20:35:37.162] [20:35:37.161] [NewSleevePlacer] ? PLACED: Zone 6c8919ef-e5a7-bb03-804e-7efc809efd31, SleeveId=1210597

[2026-01-02 20:35:37.164] [20:35:37.163] [NewSleevePlacer] ? SET FLAG: Zone 6c8919ef-e5a7-bb03-804e-7efc809efd31: IsResolved=true, SleeveId=1210597

[2026-01-02 20:35:37.171] [20:35:37.170] [NewSleevePlacer] ? IMMEDIATE DB UPDATE: Set SleeveInstanceId=1210597 for zone 6c8919ef-e5a7-bb03-804e-7efc809efd31

[2026-01-02 20:35:37.173] [20:35:37.172] [NewSleevePlacer] ?? ATTEMPTING PLACEMENT: Zone 23970e7f-c4be-e0c0-13ca-aa5427283ab4, IsReplayPath=False, SleeveId=-1

[2026-01-02 20:35:37.175] [20:35:37.174] [NewSleevePlacer] ?? PlaceSleeveNormal START: Zone 23970e7f-c4be-e0c0-13ca-aa5427283ab4, HasPlanningDto=False

[2026-01-02 20:35:37.190] [20:35:37.189] [NewSleevePlacer] ?? FINAL DIMENSIONS: Zone 23970e7f-c4be-e0c0-13ca-aa5427283ab4, W=3.116798ft (950.0mm), H=1.640420ft (500.0mm), D=3.116798ft (950.0mm), Circular=False

[2026-01-02 20:35:37.191] [20:35:37.191] [NewSleevePlacer] ?? FAMILY: Zone 23970e7f-c4be-e0c0-13ca-aa5427283ab4, FamilyName='RectangularOpeningOnWall'

[2026-01-02 20:35:37.197] [20:35:37.196] [PlacementPointAdjustment] 🔄 SKIPPING CACHE (Linked Element): Zone 23970e7f-c4be-e0c0-13ca-aa5427283ab4, HostId=321069 is in linked doc 'AR-00001' - using robust fallback

[2026-01-02 20:35:37.198] [20:35:37.198] [PlacementPointAdjustment] 🔍 SLEEVE PLACEMENT POINT CHECK: Zone 23970e7f-c4be-e0c0-13ca-aa5427283ab4, HasSleevePlacementPoint=False, SleevePlacementPointX=0.000000ft (0.0mm), SleevePlacementPointY=0.000000ft (0.0mm), SleevePlacementPointZ=0.000000ft (0.0mm), PlacementPoint (Input)=(0.721785ft, 10.565303ft, 8.366142ft)

[2026-01-02 20:35:37.200] [20:35:37.199] [PlacementPointAdjustment] ✅ USING WALL CENTERLINE POINT: Zone 23970e7f-c4be-e0c0-13ca-aa5427283ab4, WallCenterlinePoint=(1.049869ft, 10.565303ft, 8.366142ft), ForceMode=True

[2026-01-02 20:35:37.203] [20:35:37.203] [NewSleevePlacer] ?? PLACEMENT POINT: Zone 23970e7f-c4be-e0c0-13ca-aa5427283ab4, Point=(1.050, 10.565, 8.366)

[2026-01-02 20:35:37.229] [20:35:37.227] [NewSleevePlacer] ? INSTANCE CREATED: Zone 23970e7f-c4be-e0c0-13ca-aa5427283ab4, InstanceId=1210604

[2026-01-02 20:35:37.230] [20:35:37.229] [SleeveParameterService] [PARAMETERS] Zone=23970e7f-c4be-e0c0-13ca-aa5427283ab4, Sleeve=1210604, Width=950.0mm, Height=500.0mm, Diameter=950.0mm

[2026-01-02 20:35:37.235] [20:35:37.234] [SleeveParameterService] ✅ IMMEDIATE (CRITICAL): Set 'Sleeve Instance ID'=1210604 for sleeve 1210604

[2026-01-02 20:35:37.237] [20:35:37.236] [SleeveParameterService] ✅ IMMEDIATE: Set 'MEP_ElementId'=730976 for sleeve 1210604

[2026-01-02 20:35:37.239] [20:35:37.237] [SleeveParameterService] [SCHEDULE-LEVEL] ✅ Zone=23970e7f-c4be-e0c0-13ca-aa5427283ab4, Sleeve=1210604: Found Level 'Level 0' from MepElementLevelName (database - extracted during refresh) - CACHED

[2026-01-02 20:35:37.241] [20:35:37.240] [SleeveParameterService] [SCHEDULE-LEVEL] ✅ Zone=23970e7f-c4be-e0c0-13ca-aa5427283ab4, Sleeve=1210604: Set 'Schedule Level' to 'Level 0' (ID: 311, StorageType=ElementId) - CACHED PARAMETER

[2026-01-02 20:35:37.242] [20:35:37.242] [SleeveParameterService] [BOTTOM-OF-OPENING] 🔍 ENTRY: Zone=23970e7f-c4be-e0c0-13ca-aa5427283ab4, Sleeve=1210604, Height=500.0mm

[2026-01-02 20:35:37.245] [20:35:37.244] [BOTTOM-OF-OPENING] 🔍 Found Level Below: 'Level 0' at 0.0mm for Sleeve at 2550.0mm

[2026-01-02 20:35:37.246] [20:35:37.246] [SleeveParameterService] [BOTTOM-OF-OPENING] ⚙️ Z-COORDINATE CALC: Sleeve=1210604, Z=2550.0mm, LevelElev=0.0mm, Result=2550.0mm

[2026-01-02 20:35:37.247] [20:35:37.246] [SleeveParameterService] [BOTTOM-OF-OPENING] 🔍 DIAGNOSTIC: Zone=23970e7f-c4be-e0c0-13ca-aa5427283ab4, Sleeve=1210604
  - elevationFromLevel (read from param): 8.36614173228346 (2550.0mm)
  - scheduleOfLevel (for calculation): 8.36614173228346 (2550.0mm)
  - height: 1.64041994750656 (500.0mm)

[2026-01-02 20:35:37.249] [20:35:37.248] [SleeveParameterService] [BOTTOM-OF-OPENING] 🔍 CALCULATION RESULT: Zone=23970e7f-c4be-e0c0-13ca-aa5427283ab4, Sleeve=1210604
  - Input: scheduleOfLevel=8.36614173228346 (2550.0mm), height=1.64041994750656 (500.0mm)
  - Formula: bottomOfOpening = scheduleOfLevel - (height / 2.0) = 8.36614173228346 - (1.64041994750656 / 2.0) = 7.54593175853018
  - Calculated result: 7.54593175853018 (2300.0mm)

[2026-01-02 20:35:37.251] [20:35:37.250] [SleeveParameterService] [BOTTOM-OF-OPENING] 🔍 BEFORE SETTING: Zone=23970e7f-c4be-e0c0-13ca-aa5427283ab4, Sleeve=1210604
  - Parameter name: 'Bottom Of Opening'
  - Parameter storage type: Double
  - Parameter is read-only: False
  - Value to set: 7.54593175853018 (2300.0mm)
  - UseBatchedParameterWrites: True

[2026-01-02 20:35:37.252] [20:35:37.252] [SleeveParameterService] [BOTTOM-OF-OPENING] ✅ DEFERRED: Zone=23970e7f-c4be-e0c0-13ca-aa5427283ab4, Sleeve=1210604: Added to deferred parameters: Bottom Of Opening=2300.0mm (will be flushed later)

[2026-01-02 20:35:37.256] [20:35:37.255] [NewSleevePlacer] ? PLACED: Zone 23970e7f-c4be-e0c0-13ca-aa5427283ab4, SleeveId=1210604

[2026-01-02 20:35:37.257] [20:35:37.257] [NewSleevePlacer] ? SET FLAG: Zone 23970e7f-c4be-e0c0-13ca-aa5427283ab4: IsResolved=true, SleeveId=1210604

[2026-01-02 20:35:37.263] [20:35:37.263] [NewSleevePlacer] ? IMMEDIATE DB UPDATE: Set SleeveInstanceId=1210604 for zone 23970e7f-c4be-e0c0-13ca-aa5427283ab4

[2026-01-02 20:35:37.265] [20:35:37.265] [NewSleevePlacer] ?? ATTEMPTING PLACEMENT: Zone 3674d177-7325-2b17-7e42-c79460bffd18, IsReplayPath=False, SleeveId=-1

[2026-01-02 20:35:37.267] [20:35:37.266] [NewSleevePlacer] ?? PlaceSleeveNormal START: Zone 3674d177-7325-2b17-7e42-c79460bffd18, HasPlanningDto=False

[2026-01-02 20:35:37.279] [20:35:37.278] [NewSleevePlacer] ?? FINAL DIMENSIONS: Zone 3674d177-7325-2b17-7e42-c79460bffd18, W=2.460630ft (750.0mm), H=1.312336ft (400.0mm), D=2.460630ft (750.0mm), Circular=False

[2026-01-02 20:35:37.281] [20:35:37.280] [NewSleevePlacer] ?? FAMILY: Zone 3674d177-7325-2b17-7e42-c79460bffd18, FamilyName='RectangularOpeningOnWall'

[2026-01-02 20:35:37.286] [20:35:37.285] [PlacementPointAdjustment] 🔄 SKIPPING CACHE (Linked Element): Zone 3674d177-7325-2b17-7e42-c79460bffd18, HostId=321069 is in linked doc 'AR-00001' - using robust fallback

[2026-01-02 20:35:37.287] [20:35:37.287] [PlacementPointAdjustment] 🔍 SLEEVE PLACEMENT POINT CHECK: Zone 3674d177-7325-2b17-7e42-c79460bffd18, HasSleevePlacementPoint=False, SleevePlacementPointX=0.000000ft (0.0mm), SleevePlacementPointY=0.000000ft (0.0mm), SleevePlacementPointZ=0.000000ft (0.0mm), PlacementPoint (Input)=(0.721785ft, 4.987875ft, 6.848097ft)

[2026-01-02 20:35:37.289] [20:35:37.288] [PlacementPointAdjustment] ✅ USING WALL CENTERLINE POINT: Zone 3674d177-7325-2b17-7e42-c79460bffd18, WallCenterlinePoint=(1.049869ft, 4.987875ft, 6.848097ft), ForceMode=True

[2026-01-02 20:35:37.292] [20:35:37.291] [NewSleevePlacer] ?? PLACEMENT POINT: Zone 3674d177-7325-2b17-7e42-c79460bffd18, Point=(1.050, 4.988, 6.848)

[2026-01-02 20:35:37.318] [20:35:37.317] [NewSleevePlacer] ? INSTANCE CREATED: Zone 3674d177-7325-2b17-7e42-c79460bffd18, InstanceId=1210611

[2026-01-02 20:35:37.319] [20:35:37.319] [SleeveParameterService] [PARAMETERS] Zone=3674d177-7325-2b17-7e42-c79460bffd18, Sleeve=1210611, Width=750.0mm, Height=400.0mm, Diameter=750.0mm

[2026-01-02 20:35:37.325] [20:35:37.324] [SleeveParameterService] ✅ IMMEDIATE (CRITICAL): Set 'Sleeve Instance ID'=1210611 for sleeve 1210611

[2026-01-02 20:35:37.327] [20:35:37.326] [SleeveParameterService] ✅ IMMEDIATE: Set 'MEP_ElementId'=730932 for sleeve 1210611

[2026-01-02 20:35:37.328] [20:35:37.328] [SleeveParameterService] [SCHEDULE-LEVEL] ✅ Zone=3674d177-7325-2b17-7e42-c79460bffd18, Sleeve=1210611: Found Level 'Level 0' from MepElementLevelName (database - extracted during refresh) - CACHED

[2026-01-02 20:35:37.330] [20:35:37.330] [SleeveParameterService] [SCHEDULE-LEVEL] ✅ Zone=3674d177-7325-2b17-7e42-c79460bffd18, Sleeve=1210611: Set 'Schedule Level' to 'Level 0' (ID: 311, StorageType=ElementId) - CACHED PARAMETER

[2026-01-02 20:35:37.332] [20:35:37.331] [SleeveParameterService] [BOTTOM-OF-OPENING] 🔍 ENTRY: Zone=3674d177-7325-2b17-7e42-c79460bffd18, Sleeve=1210611, Height=400.0mm

[2026-01-02 20:35:37.334] [20:35:37.333] [BOTTOM-OF-OPENING] 🔍 Found Level Below: 'Level 0' at 0.0mm for Sleeve at 2087.3mm

[2026-01-02 20:35:37.335] [20:35:37.335] [SleeveParameterService] [BOTTOM-OF-OPENING] ⚙️ Z-COORDINATE CALC: Sleeve=1210611, Z=2087.3mm, LevelElev=0.0mm, Result=2087.3mm

[2026-01-02 20:35:37.337] [20:35:37.336] [SleeveParameterService] [BOTTOM-OF-OPENING] 🔍 DIAGNOSTIC: Zone=3674d177-7325-2b17-7e42-c79460bffd18, Sleeve=1210611
  - elevationFromLevel (read from param): 6.84809675826324 (2087.3mm)
  - scheduleOfLevel (for calculation): 6.84809675826324 (2087.3mm)
  - height: 1.31233595800525 (400.0mm)

[2026-01-02 20:35:37.338] [20:35:37.338] [SleeveParameterService] [BOTTOM-OF-OPENING] 🔍 CALCULATION RESULT: Zone=3674d177-7325-2b17-7e42-c79460bffd18, Sleeve=1210611
  - Input: scheduleOfLevel=6.84809675826324 (2087.3mm), height=1.31233595800525 (400.0mm)
  - Formula: bottomOfOpening = scheduleOfLevel - (height / 2.0) = 6.84809675826324 - (1.31233595800525 / 2.0) = 6.19192877926062
  - Calculated result: 6.19192877926062 (1887.3mm)

[2026-01-02 20:35:37.341] [20:35:37.340] [SleeveParameterService] [BOTTOM-OF-OPENING] 🔍 BEFORE SETTING: Zone=3674d177-7325-2b17-7e42-c79460bffd18, Sleeve=1210611
  - Parameter name: 'Bottom Of Opening'
  - Parameter storage type: Double
  - Parameter is read-only: False
  - Value to set: 6.19192877926062 (1887.3mm)
  - UseBatchedParameterWrites: True

[2026-01-02 20:35:37.341] [20:35:37.341] [SleeveParameterService] [BOTTOM-OF-OPENING] ✅ DEFERRED: Zone=3674d177-7325-2b17-7e42-c79460bffd18, Sleeve=1210611: Added to deferred parameters: Bottom Of Opening=1887.3mm (will be flushed later)

[2026-01-02 20:35:37.345] [20:35:37.345] [NewSleevePlacer] ? PLACED: Zone 3674d177-7325-2b17-7e42-c79460bffd18, SleeveId=1210611

[2026-01-02 20:35:37.347] [20:35:37.346] [NewSleevePlacer] ? SET FLAG: Zone 3674d177-7325-2b17-7e42-c79460bffd18: IsResolved=true, SleeveId=1210611

[2026-01-02 20:35:37.352] [20:35:37.351] [NewSleevePlacer] ? IMMEDIATE DB UPDATE: Set SleeveInstanceId=1210611 for zone 3674d177-7325-2b17-7e42-c79460bffd18

[2026-01-02 20:35:37.354] [20:35:37.353] [NewSleevePlacer] ?? ATTEMPTING PLACEMENT: Zone e83315b6-5ebf-60fb-5a98-11b4612eb77f, IsReplayPath=False, SleeveId=-1

[2026-01-02 20:35:37.355] [20:35:37.355] [NewSleevePlacer] ?? PlaceSleeveNormal START: Zone e83315b6-5ebf-60fb-5a98-11b4612eb77f, HasPlanningDto=False

[2026-01-02 20:35:37.368] [20:35:37.367] [NewSleevePlacer] ?? FINAL DIMENSIONS: Zone e83315b6-5ebf-60fb-5a98-11b4612eb77f, W=1.968504ft (600.0mm), H=1.968504ft (600.0mm), D=1.968504ft (600.0mm), Circular=False

[2026-01-02 20:35:37.369] [20:35:37.369] [NewSleevePlacer] ?? FAMILY: Zone e83315b6-5ebf-60fb-5a98-11b4612eb77f, FamilyName='RectangularOpeningOnWall'

[2026-01-02 20:35:37.374] [20:35:37.374] [PlacementPointAdjustment] 🔄 SKIPPING CACHE (Linked Element): Zone e83315b6-5ebf-60fb-5a98-11b4612eb77f, HostId=321070 is in linked doc 'AR-00001' - using robust fallback

[2026-01-02 20:35:37.376] [20:35:37.375] [PlacementPointAdjustment] 🔍 SLEEVE PLACEMENT POINT CHECK: Zone e83315b6-5ebf-60fb-5a98-11b4612eb77f, HasSleevePlacementPoint=False, SleevePlacementPointX=0.000000ft (0.0mm), SleevePlacementPointY=0.000000ft (0.0mm), SleevePlacementPointZ=0.000000ft (0.0mm), PlacementPoint (Input)=(6.913696ft, 0.721785ft, 8.421724ft)

[2026-01-02 20:35:37.378] [20:35:37.377] [PlacementPointAdjustment] ✅ USING WALL CENTERLINE POINT: Zone e83315b6-5ebf-60fb-5a98-11b4612eb77f, WallCenterlinePoint=(6.913696ft, 1.049869ft, 8.421724ft), ForceMode=True

[2026-01-02 20:35:37.382] [20:35:37.380] [NewSleevePlacer] ?? PLACEMENT POINT: Zone e83315b6-5ebf-60fb-5a98-11b4612eb77f, Point=(6.914, 1.050, 8.422)

[2026-01-02 20:35:37.413] [20:35:37.412] [NewSleevePlacer] ? INSTANCE CREATED: Zone e83315b6-5ebf-60fb-5a98-11b4612eb77f, InstanceId=1210618

[2026-01-02 20:35:37.414] [20:35:37.413] [SleeveParameterService] [PARAMETERS] Zone=e83315b6-5ebf-60fb-5a98-11b4612eb77f, Sleeve=1210618, Width=600.0mm, Height=600.0mm, Diameter=600.0mm

[2026-01-02 20:35:37.421] [20:35:37.420] [SleeveParameterService] ✅ IMMEDIATE (CRITICAL): Set 'Sleeve Instance ID'=1210618 for sleeve 1210618

[2026-01-02 20:35:37.422] [20:35:37.422] [SleeveParameterService] ✅ IMMEDIATE: Set 'MEP_ElementId'=740116 for sleeve 1210618

[2026-01-02 20:35:37.423] [20:35:37.423] [SleeveParameterService] [SCHEDULE-LEVEL] ✅ Zone=e83315b6-5ebf-60fb-5a98-11b4612eb77f, Sleeve=1210618: Found Level 'Level 0' from MepElementLevelName (database - extracted during refresh) - CACHED

[2026-01-02 20:35:37.425] [20:35:37.425] [SleeveParameterService] [SCHEDULE-LEVEL] ✅ Zone=e83315b6-5ebf-60fb-5a98-11b4612eb77f, Sleeve=1210618: Set 'Schedule Level' to 'Level 0' (ID: 311, StorageType=ElementId) - CACHED PARAMETER

[2026-01-02 20:35:37.428] [20:35:37.427] [SleeveParameterService] [BOTTOM-OF-OPENING] 🔍 ENTRY: Zone=e83315b6-5ebf-60fb-5a98-11b4612eb77f, Sleeve=1210618, Height=600.0mm

[2026-01-02 20:35:37.429] [20:35:37.428] [BOTTOM-OF-OPENING] 🔍 Found Level Below: 'Level 0' at 0.0mm for Sleeve at 2566.9mm

[2026-01-02 20:35:37.430] [20:35:37.430] [SleeveParameterService] [BOTTOM-OF-OPENING] ⚙️ Z-COORDINATE CALC: Sleeve=1210618, Z=2566.9mm, LevelElev=0.0mm, Result=2566.9mm

[2026-01-02 20:35:37.432] [20:35:37.431] [SleeveParameterService] [BOTTOM-OF-OPENING] 🔍 DIAGNOSTIC: Zone=e83315b6-5ebf-60fb-5a98-11b4612eb77f, Sleeve=1210618
  - elevationFromLevel (read from param): 8.42172433316722 (2566.9mm)
  - scheduleOfLevel (for calculation): 8.42172433316722 (2566.9mm)
  - height: 1.96850393700787 (600.0mm)

[2026-01-02 20:35:37.434] [20:35:37.433] [SleeveParameterService] [BOTTOM-OF-OPENING] 🔍 CALCULATION RESULT: Zone=e83315b6-5ebf-60fb-5a98-11b4612eb77f, Sleeve=1210618
  - Input: scheduleOfLevel=8.42172433316722 (2566.9mm), height=1.96850393700787 (600.0mm)
  - Formula: bottomOfOpening = scheduleOfLevel - (height / 2.0) = 8.42172433316722 - (1.96850393700787 / 2.0) = 7.43747236466329
  - Calculated result: 7.43747236466329 (2266.9mm)

[2026-01-02 20:35:37.436] [20:35:37.435] [SleeveParameterService] [BOTTOM-OF-OPENING] 🔍 BEFORE SETTING: Zone=e83315b6-5ebf-60fb-5a98-11b4612eb77f, Sleeve=1210618
  - Parameter name: 'Bottom Of Opening'
  - Parameter storage type: Double
  - Parameter is read-only: False
  - Value to set: 7.43747236466329 (2266.9mm)
  - UseBatchedParameterWrites: True

[2026-01-02 20:35:37.437] [20:35:37.437] [SleeveParameterService] [BOTTOM-OF-OPENING] ✅ DEFERRED: Zone=e83315b6-5ebf-60fb-5a98-11b4612eb77f, Sleeve=1210618: Added to deferred parameters: Bottom Of Opening=2266.9mm (will be flushed later)

[2026-01-02 20:35:37.441] [20:35:37.440] [NewSleevePlacer] ? PLACED: Zone e83315b6-5ebf-60fb-5a98-11b4612eb77f, SleeveId=1210618

[2026-01-02 20:35:37.442] [20:35:37.442] [NewSleevePlacer] ? SET FLAG: Zone e83315b6-5ebf-60fb-5a98-11b4612eb77f: IsResolved=true, SleeveId=1210618

[2026-01-02 20:35:37.448] [20:35:37.448] [NewSleevePlacer] ? IMMEDIATE DB UPDATE: Set SleeveInstanceId=1210618 for zone e83315b6-5ebf-60fb-5a98-11b4612eb77f

[2026-01-02 20:35:37.450] [20:35:37.449] [NewSleevePlacer] ?? ATTEMPTING PLACEMENT: Zone c52f27f2-825a-cee3-ff19-44780ebac505, IsReplayPath=False, SleeveId=-1

[2026-01-02 20:35:37.452] [20:35:37.451] [NewSleevePlacer] ?? PlaceSleeveNormal START: Zone c52f27f2-825a-cee3-ff19-44780ebac505, HasPlanningDto=False

[2026-01-02 20:35:37.464] [20:35:37.463] [NewSleevePlacer] ?? FINAL DIMENSIONS: Zone c52f27f2-825a-cee3-ff19-44780ebac505, W=1.968504ft (600.0mm), H=1.312336ft (400.0mm), D=1.968504ft (600.0mm), Circular=False

[2026-01-02 20:35:37.466] [20:35:37.465] [NewSleevePlacer] ?? FAMILY: Zone c52f27f2-825a-cee3-ff19-44780ebac505, FamilyName='RectangularOpeningOnWall'

[2026-01-02 20:35:37.471] [20:35:37.471] [PlacementPointAdjustment] 🔄 SKIPPING CACHE (Linked Element): Zone c52f27f2-825a-cee3-ff19-44780ebac505, HostId=321070 is in linked doc 'AR-00001' - using robust fallback

[2026-01-02 20:35:37.473] [20:35:37.472] [PlacementPointAdjustment] 🔍 SLEEVE PLACEMENT POINT CHECK: Zone c52f27f2-825a-cee3-ff19-44780ebac505, HasSleevePlacementPoint=False, SleevePlacementPointX=0.000000ft (0.0mm), SleevePlacementPointY=0.000000ft (0.0mm), SleevePlacementPointZ=0.000000ft (0.0mm), PlacementPoint (Input)=(51.347256ft, 0.721785ft, 7.926314ft)

[2026-01-02 20:35:37.475] [20:35:37.474] [PlacementPointAdjustment] ✅ USING WALL CENTERLINE POINT: Zone c52f27f2-825a-cee3-ff19-44780ebac505, WallCenterlinePoint=(51.347256ft, 1.049869ft, 7.926314ft), ForceMode=True

[2026-01-02 20:35:37.478] [20:35:37.477] [NewSleevePlacer] ?? PLACEMENT POINT: Zone c52f27f2-825a-cee3-ff19-44780ebac505, Point=(51.347, 1.050, 7.926)

[2026-01-02 20:35:37.509] [20:35:37.508] [NewSleevePlacer] ? INSTANCE CREATED: Zone c52f27f2-825a-cee3-ff19-44780ebac505, InstanceId=1210625

[2026-01-02 20:35:37.510] [20:35:37.510] [SleeveParameterService] [PARAMETERS] Zone=c52f27f2-825a-cee3-ff19-44780ebac505, Sleeve=1210625, Width=600.0mm, Height=400.0mm, Diameter=600.0mm

[2026-01-02 20:35:37.516] [20:35:37.516] [SleeveParameterService] ✅ IMMEDIATE (CRITICAL): Set 'Sleeve Instance ID'=1210625 for sleeve 1210625

[2026-01-02 20:35:37.518] [20:35:37.517] [SleeveParameterService] ✅ IMMEDIATE: Set 'MEP_ElementId'=740244 for sleeve 1210625

[2026-01-02 20:35:37.520] [20:35:37.519] [SleeveParameterService] [SCHEDULE-LEVEL] ✅ Zone=c52f27f2-825a-cee3-ff19-44780ebac505, Sleeve=1210625: Found Level 'Level 0' from MepElementLevelName (database - extracted during refresh) - CACHED

[2026-01-02 20:35:37.521] [20:35:37.521] [SleeveParameterService] [SCHEDULE-LEVEL] ✅ Zone=c52f27f2-825a-cee3-ff19-44780ebac505, Sleeve=1210625: Set 'Schedule Level' to 'Level 0' (ID: 311, StorageType=ElementId) - CACHED PARAMETER

[2026-01-02 20:35:37.523] [20:35:37.523] [SleeveParameterService] [BOTTOM-OF-OPENING] 🔍 ENTRY: Zone=c52f27f2-825a-cee3-ff19-44780ebac505, Sleeve=1210625, Height=400.0mm

[2026-01-02 20:35:37.525] [20:35:37.524] [BOTTOM-OF-OPENING] 🔍 Found Level Below: 'Level 0' at 0.0mm for Sleeve at 2415.9mm

[2026-01-02 20:35:37.527] [20:35:37.526] [SleeveParameterService] [BOTTOM-OF-OPENING] ⚙️ Z-COORDINATE CALC: Sleeve=1210625, Z=2415.9mm, LevelElev=0.0mm, Result=2415.9mm

[2026-01-02 20:35:37.528] [20:35:37.528] [SleeveParameterService] [BOTTOM-OF-OPENING] 🔍 DIAGNOSTIC: Zone=c52f27f2-825a-cee3-ff19-44780ebac505, Sleeve=1210625
  - elevationFromLevel (read from param): 7.92631356141603 (2415.9mm)
  - scheduleOfLevel (for calculation): 7.92631356141603 (2415.9mm)
  - height: 1.31233595800525 (400.0mm)

[2026-01-02 20:35:37.530] [20:35:37.529] [SleeveParameterService] [BOTTOM-OF-OPENING] 🔍 CALCULATION RESULT: Zone=c52f27f2-825a-cee3-ff19-44780ebac505, Sleeve=1210625
  - Input: scheduleOfLevel=7.92631356141603 (2415.9mm), height=1.31233595800525 (400.0mm)
  - Formula: bottomOfOpening = scheduleOfLevel - (height / 2.0) = 7.92631356141603 - (1.31233595800525 / 2.0) = 7.2701455824134
  - Calculated result: 7.2701455824134 (2215.9mm)

[2026-01-02 20:35:37.532] [20:35:37.531] [SleeveParameterService] [BOTTOM-OF-OPENING] 🔍 BEFORE SETTING: Zone=c52f27f2-825a-cee3-ff19-44780ebac505, Sleeve=1210625
  - Parameter name: 'Bottom Of Opening'
  - Parameter storage type: Double
  - Parameter is read-only: False
  - Value to set: 7.2701455824134 (2215.9mm)
  - UseBatchedParameterWrites: True

[2026-01-02 20:35:37.533] [20:35:37.533] [SleeveParameterService] [BOTTOM-OF-OPENING] ✅ DEFERRED: Zone=c52f27f2-825a-cee3-ff19-44780ebac505, Sleeve=1210625: Added to deferred parameters: Bottom Of Opening=2215.9mm (will be flushed later)

[2026-01-02 20:35:37.537] [20:35:37.536] [NewSleevePlacer] ? PLACED: Zone c52f27f2-825a-cee3-ff19-44780ebac505, SleeveId=1210625

[2026-01-02 20:35:37.538] [20:35:37.538] [NewSleevePlacer] ? SET FLAG: Zone c52f27f2-825a-cee3-ff19-44780ebac505: IsResolved=true, SleeveId=1210625

[2026-01-02 20:35:37.544] [20:35:37.544] [NewSleevePlacer] ? IMMEDIATE DB UPDATE: Set SleeveInstanceId=1210625 for zone c52f27f2-825a-cee3-ff19-44780ebac505

[2026-01-02 20:35:37.546] [20:35:37.545] [NewSleevePlacer] ?? ATTEMPTING PLACEMENT: Zone f4ed0093-18c1-fe0c-b7e4-0dc9ce4e0a17, IsReplayPath=False, SleeveId=-1

[2026-01-02 20:35:37.547] [20:35:37.546] [NewSleevePlacer] ?? PlaceSleeveNormal START: Zone f4ed0093-18c1-fe0c-b7e4-0dc9ce4e0a17, HasPlanningDto=False

[2026-01-02 20:35:37.560] [20:35:37.560] [NewSleevePlacer] ?? FINAL DIMENSIONS: Zone f4ed0093-18c1-fe0c-b7e4-0dc9ce4e0a17, W=1.968504ft (600.0mm), H=0.984252ft (300.0mm), D=1.968504ft (600.0mm), Circular=False

[2026-01-02 20:35:37.562] [20:35:37.562] [NewSleevePlacer] ?? FAMILY: Zone f4ed0093-18c1-fe0c-b7e4-0dc9ce4e0a17, FamilyName='RectangularOpeningOnWall'

[2026-01-02 20:35:37.567] [20:35:37.567] [PlacementPointAdjustment] 🔄 SKIPPING CACHE (Linked Element): Zone f4ed0093-18c1-fe0c-b7e4-0dc9ce4e0a17, HostId=321070 is in linked doc 'AR-00001' - using robust fallback

[2026-01-02 20:35:37.569] [20:35:37.568] [PlacementPointAdjustment] 🔍 SLEEVE PLACEMENT POINT CHECK: Zone f4ed0093-18c1-fe0c-b7e4-0dc9ce4e0a17, HasSleevePlacementPoint=False, SleevePlacementPointX=0.000000ft (0.0mm), SleevePlacementPointY=0.000000ft (0.0mm), SleevePlacementPointZ=0.000000ft (0.0mm), PlacementPoint (Input)=(49.517364ft, 0.721785ft, 7.946029ft)

[2026-01-02 20:35:37.571] [20:35:37.570] [PlacementPointAdjustment] ✅ USING WALL CENTERLINE POINT: Zone f4ed0093-18c1-fe0c-b7e4-0dc9ce4e0a17, WallCenterlinePoint=(49.517364ft, 1.049869ft, 7.946029ft), ForceMode=True

[2026-01-02 20:35:37.574] [20:35:37.573] [NewSleevePlacer] ?? PLACEMENT POINT: Zone f4ed0093-18c1-fe0c-b7e4-0dc9ce4e0a17, Point=(49.517, 1.050, 7.946)

[2026-01-02 20:35:37.606] [20:35:37.605] [NewSleevePlacer] ? INSTANCE CREATED: Zone f4ed0093-18c1-fe0c-b7e4-0dc9ce4e0a17, InstanceId=1210632

[2026-01-02 20:35:37.608] [20:35:37.606] [SleeveParameterService] [PARAMETERS] Zone=f4ed0093-18c1-fe0c-b7e4-0dc9ce4e0a17, Sleeve=1210632, Width=600.0mm, Height=300.0mm, Diameter=600.0mm

[2026-01-02 20:35:37.613] [20:35:37.612] [SleeveParameterService] ✅ IMMEDIATE (CRITICAL): Set 'Sleeve Instance ID'=1210632 for sleeve 1210632

[2026-01-02 20:35:37.615] [20:35:37.615] [SleeveParameterService] ✅ IMMEDIATE: Set 'MEP_ElementId'=740243 for sleeve 1210632

[2026-01-02 20:35:37.616] [20:35:37.616] [SleeveParameterService] [SCHEDULE-LEVEL] ✅ Zone=f4ed0093-18c1-fe0c-b7e4-0dc9ce4e0a17, Sleeve=1210632: Found Level 'Level 0' from MepElementLevelName (database - extracted during refresh) - CACHED

[2026-01-02 20:35:37.618] [20:35:37.617] [SleeveParameterService] [SCHEDULE-LEVEL] ✅ Zone=f4ed0093-18c1-fe0c-b7e4-0dc9ce4e0a17, Sleeve=1210632: Set 'Schedule Level' to 'Level 0' (ID: 311, StorageType=ElementId) - CACHED PARAMETER

[2026-01-02 20:35:37.620] [20:35:37.619] [SleeveParameterService] [BOTTOM-OF-OPENING] 🔍 ENTRY: Zone=f4ed0093-18c1-fe0c-b7e4-0dc9ce4e0a17, Sleeve=1210632, Height=300.0mm

[2026-01-02 20:35:37.622] [20:35:37.621] [BOTTOM-OF-OPENING] 🔍 Found Level Below: 'Level 0' at 0.0mm for Sleeve at 2421.9mm

[2026-01-02 20:35:37.624] [20:35:37.624] [SleeveParameterService] [BOTTOM-OF-OPENING] ⚙️ Z-COORDINATE CALC: Sleeve=1210632, Z=2421.9mm, LevelElev=0.0mm, Result=2421.9mm

[2026-01-02 20:35:37.627] [20:35:37.626] [SleeveParameterService] [BOTTOM-OF-OPENING] 🔍 DIAGNOSTIC: Zone=f4ed0093-18c1-fe0c-b7e4-0dc9ce4e0a17, Sleeve=1210632
  - elevationFromLevel (read from param): 7.94602932788536 (2421.9mm)
  - scheduleOfLevel (for calculation): 7.94602932788536 (2421.9mm)
  - height: 0.984251968503937 (300.0mm)

[2026-01-02 20:35:37.629] [20:35:37.628] [SleeveParameterService] [BOTTOM-OF-OPENING] 🔍 CALCULATION RESULT: Zone=f4ed0093-18c1-fe0c-b7e4-0dc9ce4e0a17, Sleeve=1210632
  - Input: scheduleOfLevel=7.94602932788536 (2421.9mm), height=0.984251968503937 (300.0mm)
  - Formula: bottomOfOpening = scheduleOfLevel - (height / 2.0) = 7.94602932788536 - (0.984251968503937 / 2.0) = 7.45390334363339
  - Calculated result: 7.45390334363339 (2271.9mm)

[2026-01-02 20:35:37.631] [20:35:37.630] [SleeveParameterService] [BOTTOM-OF-OPENING] 🔍 BEFORE SETTING: Zone=f4ed0093-18c1-fe0c-b7e4-0dc9ce4e0a17, Sleeve=1210632
  - Parameter name: 'Bottom Of Opening'
  - Parameter storage type: Double
  - Parameter is read-only: False
  - Value to set: 7.45390334363339 (2271.9mm)
  - UseBatchedParameterWrites: True

[2026-01-02 20:35:37.632] [20:35:37.632] [SleeveParameterService] [BOTTOM-OF-OPENING] ✅ DEFERRED: Zone=f4ed0093-18c1-fe0c-b7e4-0dc9ce4e0a17, Sleeve=1210632: Added to deferred parameters: Bottom Of Opening=2271.9mm (will be flushed later)

[2026-01-02 20:35:37.636] [20:35:37.635] [NewSleevePlacer] ? PLACED: Zone f4ed0093-18c1-fe0c-b7e4-0dc9ce4e0a17, SleeveId=1210632

[2026-01-02 20:35:37.637] [20:35:37.637] [NewSleevePlacer] ? SET FLAG: Zone f4ed0093-18c1-fe0c-b7e4-0dc9ce4e0a17: IsResolved=true, SleeveId=1210632

[2026-01-02 20:35:37.643] [20:35:37.642] [NewSleevePlacer] ? IMMEDIATE DB UPDATE: Set SleeveInstanceId=1210632 for zone f4ed0093-18c1-fe0c-b7e4-0dc9ce4e0a17

[2026-01-02 20:35:37.652] [20:35:37.651] [NewSleevePlacer] [BATCH-BBOX] Zone e90a7cb6-bade-a0dc-0741-e6a350974656: Calculated bbox from DEFERRED params - W=350.0mm, H=350.0mm, D=200.0mm

[2026-01-02 20:35:37.665] [20:35:37.665] [NewSleevePlacer] [BATCH-BBOX] Zone edfd5dca-bdac-8a33-7ce4-78d2ff0b0cb4: Calculated bbox from DEFERRED params - W=350.0mm, H=350.0mm, D=200.0mm

[2026-01-02 20:35:37.667] [20:35:37.666] [NewSleevePlacer] [BATCH-BBOX] Zone a60cfb2c-6455-8967-4840-eaab7e13bdc5: Calculated bbox from DEFERRED params - W=350.0mm, H=350.0mm, D=200.0mm

[2026-01-02 20:35:37.669] [20:35:37.668] [NewSleevePlacer] [BATCH-BBOX] Zone db86329e-1010-2021-a4c3-2b9e3e98021a: Calculated bbox from DEFERRED params - W=600.0mm, H=400.0mm, D=200.0mm

[2026-01-02 20:35:37.670] [20:35:37.670] [NewSleevePlacer] [BATCH-BBOX] Zone 0d5bc810-bfb7-4bbb-2444-fa26b583ed82: Calculated bbox from DEFERRED params - W=600.0mm, H=600.0mm, D=200.0mm

[2026-01-02 20:35:37.672] [20:35:37.671] [NewSleevePlacer] [BATCH-BBOX] Zone 9054642b-26fd-79c7-2d65-3ab037771243: Calculated bbox from DEFERRED params - W=600.0mm, H=400.0mm, D=200.0mm

[2026-01-02 20:35:37.674] [20:35:37.673] [NewSleevePlacer] [BATCH-BBOX] Zone ee69ca6f-52c2-6f16-eeb5-4979293fd1e6: Calculated bbox from DEFERRED params - W=600.0mm, H=400.0mm, D=200.0mm

[2026-01-02 20:35:37.675] [20:35:37.675] [NewSleevePlacer] [BATCH-BBOX] Zone b375875a-240b-b59a-2b68-bbf300a9145d: Calculated bbox from DEFERRED params - W=600.0mm, H=600.0mm, D=200.0mm

[2026-01-02 20:35:37.677] [20:35:37.676] [NewSleevePlacer] [BATCH-BBOX] Zone c2d60296-f2a7-fa6d-665e-941f035331b6: Calculated bbox from DEFERRED params - W=600.0mm, H=600.0mm, D=200.0mm

[2026-01-02 20:35:37.679] [20:35:37.679] [NewSleevePlacer] [BATCH-BBOX] Zone 661b5e54-02f1-b59b-07f2-b22b7fbdb183: Calculated bbox from DEFERRED params - W=600.0mm, H=600.0mm, D=200.0mm

[2026-01-02 20:35:37.681] [20:35:37.680] [NewSleevePlacer] [BATCH-BBOX] Zone 091186e8-2ce9-f546-bf55-e9084850265e: Calculated bbox from DEFERRED params - W=600.0mm, H=600.0mm, D=200.0mm

[2026-01-02 20:35:37.682] [20:35:37.682] [NewSleevePlacer] [BATCH-BBOX] Zone 3f3107a3-1ff4-60f2-bebc-a52a386aa2e0: Calculated bbox from DEFERRED params - W=600.0mm, H=600.0mm, D=200.0mm

[2026-01-02 20:35:37.684] [20:35:37.683] [NewSleevePlacer] [BATCH-BBOX] Zone 30808e2b-18c0-40db-60c3-4208b93ac49e: Calculated bbox from DEFERRED params - W=600.0mm, H=300.0mm, D=200.0mm

[2026-01-02 20:35:37.686] [20:35:37.685] [NewSleevePlacer] [BATCH-BBOX] Zone df7fc73d-898f-9c2d-29b7-0c673b9b8c64: Calculated bbox from DEFERRED params - W=600.0mm, H=300.0mm, D=200.0mm

[2026-01-02 20:35:37.687] [20:35:37.687] [NewSleevePlacer] [BATCH-BBOX] Zone 720e069c-a6a6-25fe-1056-445e5f0e7aac: Calculated bbox from DEFERRED params - W=550.0mm, H=300.0mm, D=200.0mm

[2026-01-02 20:35:37.689] [20:35:37.688] [NewSleevePlacer] [BATCH-BBOX] Zone 049cd767-5dd6-cd86-93b1-07e9c5e91455: Calculated bbox from DEFERRED params - W=1050.0mm, H=600.0mm, D=200.0mm

[2026-01-02 20:35:37.691] [20:35:37.691] [NewSleevePlacer] [BATCH-BBOX] Zone 2031e5e3-284f-f716-e3f7-64ce8a6a00c9: Calculated bbox from DEFERRED params - W=1050.0mm, H=600.0mm, D=200.0mm

[2026-01-02 20:35:37.693] [20:35:37.692] [NewSleevePlacer] [BATCH-BBOX] Zone 6c8919ef-e5a7-bb03-804e-7efc809efd31: Calculated bbox from DEFERRED params - W=1000.0mm, H=550.0mm, D=200.0mm

[2026-01-02 20:35:37.695] [20:35:37.694] [NewSleevePlacer] [BATCH-BBOX] Zone 23970e7f-c4be-e0c0-13ca-aa5427283ab4: Calculated bbox from DEFERRED params - W=950.0mm, H=500.0mm, D=200.0mm

[2026-01-02 20:35:37.697] [20:35:37.696] [NewSleevePlacer] [BATCH-BBOX] Zone 3674d177-7325-2b17-7e42-c79460bffd18: Calculated bbox from DEFERRED params - W=750.0mm, H=400.0mm, D=200.0mm

[2026-01-02 20:35:37.698] [20:35:37.698] [NewSleevePlacer] [BATCH-BBOX] Zone e83315b6-5ebf-60fb-5a98-11b4612eb77f: Calculated bbox from DEFERRED params - W=600.0mm, H=600.0mm, D=200.0mm

[2026-01-02 20:35:37.700] [20:35:37.699] [NewSleevePlacer] [BATCH-BBOX] Zone c52f27f2-825a-cee3-ff19-44780ebac505: Calculated bbox from DEFERRED params - W=600.0mm, H=400.0mm, D=200.0mm

[2026-01-02 20:35:37.702] [20:35:37.701] [NewSleevePlacer] [BATCH-BBOX] Zone f4ed0093-18c1-fe0c-b7e4-0dc9ce4e0a17: Calculated bbox from DEFERRED params - W=600.0mm, H=300.0mm, D=200.0mm

[2026-01-02 20:35:37.885] [20:35:37][FlagManager] [INFO] | correlationId=6032b00f 📝 BATCH: Flagging 23 clash zones as placed (Resetting IsCurrentClash)

[2026-01-02 20:35:37.893] [20:35:37][FlagManager] [INFO] | correlationId=6032b00f ✅ BATCH: Updated flags for 23 clash zones

[2026-01-02 20:35:37.907] [20:35:37.906] [SleeveParameterService] [BATCH-PARAMS] 🔍 FLUSHING: Sleeve=1210476, Parameters=10

[2026-01-02 20:35:37.908] [20:35:37.908] [SleeveParameterService] [BATCH-PARAMS]   - Width: 1.14829396325459 (350.0mm)

[2026-01-02 20:35:37.910] [20:35:37.909] [SleeveParameterService] [BATCH-PARAMS]   - Sleeve Width: 1.14829396325459 (350.0mm)

[2026-01-02 20:35:37.914] [20:35:37.913] [SleeveParameterService] [BATCH-PARAMS]   - Height: 1.14829396325459 (350.0mm)

[2026-01-02 20:35:37.915] [20:35:37.915] [SleeveParameterService] [BATCH-PARAMS]   - Sleeve Height: 1.14829396325459 (350.0mm)

[2026-01-02 20:35:37.916] [20:35:37.916] [SleeveParameterService] [BATCH-PARAMS]   - Depth: 0.656167979002625 (200.0mm)

[2026-01-02 20:35:37.918] [20:35:37.917] [SleeveParameterService] [BATCH-PARAMS]   - Sleeve Instance ID: 1210476 (1210476)

[2026-01-02 20:35:37.920] [20:35:37.919] [SleeveParameterService] [BATCH-PARAMS]   - MEP_Category: Ducts (Ducts)

[2026-01-02 20:35:37.921] [20:35:37.921] [SleeveParameterService] [BATCH-PARAMS]   - MEP_ElementId: 735336 (735336)

[2026-01-02 20:35:37.923] [20:35:37.922] [SleeveParameterService] [BATCH-PARAMS]   - Schedule Level: 311 (311)

[2026-01-02 20:35:37.925] [20:35:37.924] [SleeveParameterService] [BATCH-PARAMS]   - Bottom Of Opening: 9.84251968503935 (3000.0mm)

[2026-01-02 20:35:37.928] [20:35:37.927] [SleeveParameterService] [BATCH-PARAMS] [SCHEDULE-LEVEL] ✅ Set 'Schedule Level' to ElementId 311 (Level: Level 0) on sleeve 1210476

[2026-01-02 20:35:37.930] [20:35:37.929] [SleeveParameterService] [BATCH-PARAMS] [BOTTOM-OF-OPENING] 🔍 FLUSHING: Sleeve=1210476
  - Parameter name: 'Bottom Of Opening'
  - Value to set: 9.84251968503935 (3000.0mm)
  - Parameter storage type: Double
  - Parameter is read-only: False

[2026-01-02 20:35:37.932] [20:35:37.931] [SleeveParameterService] [BATCH-PARAMS] [BOTTOM-OF-OPENING] ✅ AFTER FLUSH: Sleeve=1210476
  - Expected value: 9.84251968503935 (3000.0mm)
  - Actual value: 0 (0.0mm)
  - Match: False

[2026-01-02 20:35:37.933] [20:35:37.933] [SleeveParameterService] [BATCH-PARAMS] 🔍 FLUSHING: Sleeve=1210485, Parameters=10

[2026-01-02 20:35:37.935] [20:35:37.934] [SleeveParameterService] [BATCH-PARAMS]   - Width: 1.14829396325459 (350.0mm)

[2026-01-02 20:35:37.937] [20:35:37.936] [SleeveParameterService] [BATCH-PARAMS]   - Sleeve Width: 1.14829396325459 (350.0mm)

[2026-01-02 20:35:37.939] [20:35:37.938] [SleeveParameterService] [BATCH-PARAMS]   - Height: 1.14829396325459 (350.0mm)

[2026-01-02 20:35:37.941] [20:35:37.940] [SleeveParameterService] [BATCH-PARAMS]   - Sleeve Height: 1.14829396325459 (350.0mm)

[2026-01-02 20:35:37.942] [20:35:37.942] [SleeveParameterService] [BATCH-PARAMS]   - Depth: 0.656167979002625 (200.0mm)

[2026-01-02 20:35:37.944] [20:35:37.943] [SleeveParameterService] [BATCH-PARAMS]   - Sleeve Instance ID: 1210485 (1210485)

[2026-01-02 20:35:37.946] [20:35:37.945] [SleeveParameterService] [BATCH-PARAMS]   - MEP_Category: Ducts (Ducts)

[2026-01-02 20:35:37.947] [20:35:37.947] [SleeveParameterService] [BATCH-PARAMS]   - MEP_ElementId: 735733 (735733)

[2026-01-02 20:35:37.949] [20:35:37.948] [SleeveParameterService] [BATCH-PARAMS]   - Schedule Level: 311 (311)

[2026-01-02 20:35:37.950] [20:35:37.950] [SleeveParameterService] [BATCH-PARAMS]   - Bottom Of Opening: 4.26509186351706 (1300.0mm)

[2026-01-02 20:35:37.953] [20:35:37.953] [SleeveParameterService] [BATCH-PARAMS] [SCHEDULE-LEVEL] ✅ Set 'Schedule Level' to ElementId 311 (Level: Level 0) on sleeve 1210485

[2026-01-02 20:35:37.955] [20:35:37.955] [SleeveParameterService] [BATCH-PARAMS] [BOTTOM-OF-OPENING] 🔍 FLUSHING: Sleeve=1210485
  - Parameter name: 'Bottom Of Opening'
  - Value to set: 4.26509186351706 (1300.0mm)
  - Parameter storage type: Double
  - Parameter is read-only: False

[2026-01-02 20:35:37.957] [20:35:37.956] [SleeveParameterService] [BATCH-PARAMS] [BOTTOM-OF-OPENING] ✅ AFTER FLUSH: Sleeve=1210485
  - Expected value: 4.26509186351706 (1300.0mm)
  - Actual value: 0 (0.0mm)
  - Match: False

[2026-01-02 20:35:37.959] [20:35:37.958] [SleeveParameterService] [BATCH-PARAMS] 🔍 FLUSHING: Sleeve=1210492, Parameters=10

[2026-01-02 20:35:37.961] [20:35:37.960] [SleeveParameterService] [BATCH-PARAMS]   - Width: 1.14829396325459 (350.0mm)

[2026-01-02 20:35:37.965] [20:35:37.965] [SleeveParameterService] [BATCH-PARAMS]   - Sleeve Width: 1.14829396325459 (350.0mm)

[2026-01-02 20:35:37.966] [20:35:37.966] [SleeveParameterService] [BATCH-PARAMS]   - Height: 1.14829396325459 (350.0mm)

[2026-01-02 20:35:37.968] [20:35:37.967] [SleeveParameterService] [BATCH-PARAMS]   - Sleeve Height: 1.14829396325459 (350.0mm)

[2026-01-02 20:35:37.970] [20:35:37.969] [SleeveParameterService] [BATCH-PARAMS]   - Depth: 0.656167979002625 (200.0mm)

[2026-01-02 20:35:37.971] [20:35:37.971] [SleeveParameterService] [BATCH-PARAMS]   - Sleeve Instance ID: 1210492 (1210492)

[2026-01-02 20:35:37.973] [20:35:37.972] [SleeveParameterService] [BATCH-PARAMS]   - MEP_Category: Ducts (Ducts)

[2026-01-02 20:35:37.975] [20:35:37.974] [SleeveParameterService] [BATCH-PARAMS]   - MEP_ElementId: 735808 (735808)

[2026-01-02 20:35:37.977] [20:35:37.976] [SleeveParameterService] [BATCH-PARAMS]   - Schedule Level: 311 (311)

[2026-01-02 20:35:37.978] [20:35:37.978] [SleeveParameterService] [BATCH-PARAMS]   - Bottom Of Opening: 9.84251968503937 (3000.0mm)

[2026-01-02 20:35:37.982] [20:35:37.981] [SleeveParameterService] [BATCH-PARAMS] [SCHEDULE-LEVEL] ✅ Set 'Schedule Level' to ElementId 311 (Level: Level 0) on sleeve 1210492

[2026-01-02 20:35:37.984] [20:35:37.983] [SleeveParameterService] [BATCH-PARAMS] [BOTTOM-OF-OPENING] 🔍 FLUSHING: Sleeve=1210492
  - Parameter name: 'Bottom Of Opening'
  - Value to set: 9.84251968503937 (3000.0mm)
  - Parameter storage type: Double
  - Parameter is read-only: False

[2026-01-02 20:35:37.986] [20:35:37.985] [SleeveParameterService] [BATCH-PARAMS] [BOTTOM-OF-OPENING] ✅ AFTER FLUSH: Sleeve=1210492
  - Expected value: 9.84251968503937 (3000.0mm)
  - Actual value: 0 (0.0mm)
  - Match: False

[2026-01-02 20:35:37.988] [20:35:37.987] [SleeveParameterService] [BATCH-PARAMS] 🔍 FLUSHING: Sleeve=1210499, Parameters=10

[2026-01-02 20:35:37.990] [20:35:37.989] [SleeveParameterService] [BATCH-PARAMS]   - Width: 1.96850393700787 (600.0mm)

[2026-01-02 20:35:37.992] [20:35:37.991] [SleeveParameterService] [BATCH-PARAMS]   - Sleeve Width: 1.96850393700787 (600.0mm)

[2026-01-02 20:35:37.993] [20:35:37.993] [SleeveParameterService] [BATCH-PARAMS]   - Height: 1.31233595800525 (400.0mm)

[2026-01-02 20:35:37.995] [20:35:37.994] [SleeveParameterService] [BATCH-PARAMS]   - Sleeve Height: 1.31233595800525 (400.0mm)

[2026-01-02 20:35:37.997] [20:35:37.996] [SleeveParameterService] [BATCH-PARAMS]   - Depth: 0.656167979002625 (200.0mm)

[2026-01-02 20:35:37.998] [20:35:37.998] [SleeveParameterService] [BATCH-PARAMS]   - Sleeve Instance ID: 1210499 (1210499)

[2026-01-02 20:35:38.000] [20:35:37.999] [SleeveParameterService] [BATCH-PARAMS]   - MEP_Category: Ducts (Ducts)

[2026-01-02 20:35:38.001] [20:35:38.001] [SleeveParameterService] [BATCH-PARAMS]   - MEP_ElementId: 730902 (730902)

[2026-01-02 20:35:38.003] [20:35:38.002] [SleeveParameterService] [BATCH-PARAMS]   - Schedule Level: 311 (311)

[2026-01-02 20:35:38.004] [20:35:38.004] [SleeveParameterService] [BATCH-PARAMS]   - Bottom Of Opening: 9.80971128608924 (2990.0mm)

[2026-01-02 20:35:38.008] [20:35:38.007] [SleeveParameterService] [BATCH-PARAMS] [SCHEDULE-LEVEL] ✅ Set 'Schedule Level' to ElementId 311 (Level: Level 0) on sleeve 1210499

[2026-01-02 20:35:38.009] [20:35:38.009] [SleeveParameterService] [BATCH-PARAMS] [BOTTOM-OF-OPENING] 🔍 FLUSHING: Sleeve=1210499
  - Parameter name: 'Bottom Of Opening'
  - Value to set: 9.80971128608924 (2990.0mm)
  - Parameter storage type: Double
  - Parameter is read-only: False

[2026-01-02 20:35:38.011] [20:35:38.011] [SleeveParameterService] [BATCH-PARAMS] [BOTTOM-OF-OPENING] ✅ AFTER FLUSH: Sleeve=1210499
  - Expected value: 9.80971128608924 (2990.0mm)
  - Actual value: 0 (0.0mm)
  - Match: False

[2026-01-02 20:35:38.013] [20:35:38.013] [SleeveParameterService] [BATCH-PARAMS] 🔍 FLUSHING: Sleeve=1210506, Parameters=10

[2026-01-02 20:35:38.015] [20:35:38.014] [SleeveParameterService] [BATCH-PARAMS]   - Width: 1.96850393700787 (600.0mm)

[2026-01-02 20:35:38.016] [20:35:38.016] [SleeveParameterService] [BATCH-PARAMS]   - Sleeve Width: 1.96850393700787 (600.0mm)

[2026-01-02 20:35:38.018] [20:35:38.018] [SleeveParameterService] [BATCH-PARAMS]   - Height: 1.96850393700787 (600.0mm)

[2026-01-02 20:35:38.020] [20:35:38.019] [SleeveParameterService] [BATCH-PARAMS]   - Sleeve Height: 1.96850393700787 (600.0mm)

[2026-01-02 20:35:38.021] [20:35:38.021] [SleeveParameterService] [BATCH-PARAMS]   - Depth: 0.656167979002625 (200.0mm)

[2026-01-02 20:35:38.023] [20:35:38.022] [SleeveParameterService] [BATCH-PARAMS]   - Sleeve Instance ID: 1210506 (1210506)

[2026-01-02 20:35:38.024] [20:35:38.024] [SleeveParameterService] [BATCH-PARAMS]   - MEP_Category: Ducts (Ducts)

[2026-01-02 20:35:38.026] [20:35:38.025] [SleeveParameterService] [BATCH-PARAMS]   - MEP_ElementId: 735155 (735155)

[2026-01-02 20:35:38.028] [20:35:38.028] [SleeveParameterService] [BATCH-PARAMS]   - Schedule Level: 311 (311)

[2026-01-02 20:35:38.029] [20:35:38.028] [SleeveParameterService] [BATCH-PARAMS]   - Bottom Of Opening: 3.52690288713911 (1075.0mm)

[2026-01-02 20:35:38.032] [20:35:38.031] [SleeveParameterService] [BATCH-PARAMS] [SCHEDULE-LEVEL] ✅ Set 'Schedule Level' to ElementId 311 (Level: Level 0) on sleeve 1210506

[2026-01-02 20:35:38.034] [20:35:38.033] [SleeveParameterService] [BATCH-PARAMS] [BOTTOM-OF-OPENING] 🔍 FLUSHING: Sleeve=1210506
  - Parameter name: 'Bottom Of Opening'
  - Value to set: 3.52690288713911 (1075.0mm)
  - Parameter storage type: Double
  - Parameter is read-only: False

[2026-01-02 20:35:38.036] [20:35:38.035] [SleeveParameterService] [BATCH-PARAMS] [BOTTOM-OF-OPENING] ✅ AFTER FLUSH: Sleeve=1210506
  - Expected value: 3.52690288713911 (1075.0mm)
  - Actual value: 0 (0.0mm)
  - Match: False

[2026-01-02 20:35:38.038] [20:35:38.037] [SleeveParameterService] [BATCH-PARAMS] 🔍 FLUSHING: Sleeve=1210513, Parameters=10

[2026-01-02 20:35:38.039] [20:35:38.039] [SleeveParameterService] [BATCH-PARAMS]   - Width: 1.96850393700787 (600.0mm)

[2026-01-02 20:35:38.041] [20:35:38.040] [SleeveParameterService] [BATCH-PARAMS]   - Sleeve Width: 1.96850393700787 (600.0mm)

[2026-01-02 20:35:38.043] [20:35:38.042] [SleeveParameterService] [BATCH-PARAMS]   - Height: 1.31233595800525 (400.0mm)

[2026-01-02 20:35:38.044] [20:35:38.044] [SleeveParameterService] [BATCH-PARAMS]   - Sleeve Height: 1.31233595800525 (400.0mm)

[2026-01-02 20:35:38.046] [20:35:38.045] [SleeveParameterService] [BATCH-PARAMS]   - Depth: 0.656167979002625 (200.0mm)

[2026-01-02 20:35:38.048] [20:35:38.047] [SleeveParameterService] [BATCH-PARAMS]   - Sleeve Instance ID: 1210513 (1210513)

[2026-01-02 20:35:38.049] [20:35:38.048] [SleeveParameterService] [BATCH-PARAMS]   - MEP_Category: Ducts (Ducts)

[2026-01-02 20:35:38.051] [20:35:38.050] [SleeveParameterService] [BATCH-PARAMS]   - MEP_ElementId: 736453 (736453)

[2026-01-02 20:35:38.053] [20:35:38.052] [SleeveParameterService] [BATCH-PARAMS]   - Schedule Level: 311 (311)

[2026-01-02 20:35:38.054] [20:35:38.054] [SleeveParameterService] [BATCH-PARAMS]   - Bottom Of Opening: 9.88632797973094 (3013.4mm)

[2026-01-02 20:35:38.057] [20:35:38.057] [SleeveParameterService] [BATCH-PARAMS] [SCHEDULE-LEVEL] ✅ Set 'Schedule Level' to ElementId 311 (Level: Level 0) on sleeve 1210513

[2026-01-02 20:35:38.059] [20:35:38.058] [SleeveParameterService] [BATCH-PARAMS] [BOTTOM-OF-OPENING] 🔍 FLUSHING: Sleeve=1210513
  - Parameter name: 'Bottom Of Opening'
  - Value to set: 9.88632797973094 (3013.4mm)
  - Parameter storage type: Double
  - Parameter is read-only: False

[2026-01-02 20:35:38.061] [20:35:38.060] [SleeveParameterService] [BATCH-PARAMS] [BOTTOM-OF-OPENING] ✅ AFTER FLUSH: Sleeve=1210513
  - Expected value: 9.88632797973094 (3013.4mm)
  - Actual value: 0 (0.0mm)
  - Match: False

[2026-01-02 20:35:38.062] [20:35:38.062] [SleeveParameterService] [BATCH-PARAMS] 🔍 FLUSHING: Sleeve=1210520, Parameters=10

[2026-01-02 20:35:38.064] [20:35:38.063] [SleeveParameterService] [BATCH-PARAMS]   - Width: 1.96850393700787 (600.0mm)

[2026-01-02 20:35:38.065] [20:35:38.065] [SleeveParameterService] [BATCH-PARAMS]   - Sleeve Width: 1.96850393700787 (600.0mm)

[2026-01-02 20:35:38.068] [20:35:38.067] [SleeveParameterService] [BATCH-PARAMS]   - Height: 1.31233595800525 (400.0mm)

[2026-01-02 20:35:38.069] [20:35:38.069] [SleeveParameterService] [BATCH-PARAMS]   - Sleeve Height: 1.31233595800525 (400.0mm)

[2026-01-02 20:35:38.071] [20:35:38.070] [SleeveParameterService] [BATCH-PARAMS]   - Depth: 0.656167979002625 (200.0mm)

[2026-01-02 20:35:38.072] [20:35:38.072] [SleeveParameterService] [BATCH-PARAMS]   - Sleeve Instance ID: 1210520 (1210520)

[2026-01-02 20:35:38.074] [20:35:38.073] [SleeveParameterService] [BATCH-PARAMS]   - MEP_Category: Ducts (Ducts)

[2026-01-02 20:35:38.075] [20:35:38.075] [SleeveParameterService] [BATCH-PARAMS]   - MEP_ElementId: 736572 (736572)

[2026-01-02 20:35:38.077] [20:35:38.076] [SleeveParameterService] [BATCH-PARAMS]   - Schedule Level: 311 (311)

[2026-01-02 20:35:38.079] [20:35:38.078] [SleeveParameterService] [BATCH-PARAMS]   - Bottom Of Opening: 4.55173899793338 (1387.4mm)

[2026-01-02 20:35:38.081] [20:35:38.081] [SleeveParameterService] [BATCH-PARAMS] [SCHEDULE-LEVEL] ✅ Set 'Schedule Level' to ElementId 311 (Level: Level 0) on sleeve 1210520

[2026-01-02 20:35:38.083] [20:35:38.083] [SleeveParameterService] [BATCH-PARAMS] [BOTTOM-OF-OPENING] 🔍 FLUSHING: Sleeve=1210520
  - Parameter name: 'Bottom Of Opening'
  - Value to set: 4.55173899793338 (1387.4mm)
  - Parameter storage type: Double
  - Parameter is read-only: False

[2026-01-02 20:35:38.085] [20:35:38.084] [SleeveParameterService] [BATCH-PARAMS] [BOTTOM-OF-OPENING] ✅ AFTER FLUSH: Sleeve=1210520
  - Expected value: 4.55173899793338 (1387.4mm)
  - Actual value: 0 (0.0mm)
  - Match: False

[2026-01-02 20:35:38.087] [20:35:38.086] [SleeveParameterService] [BATCH-PARAMS] 🔍 FLUSHING: Sleeve=1210527, Parameters=10

[2026-01-02 20:35:38.089] [20:35:38.088] [SleeveParameterService] [BATCH-PARAMS]   - Width: 1.96850393700787 (600.0mm)

[2026-01-02 20:35:38.090] [20:35:38.090] [SleeveParameterService] [BATCH-PARAMS]   - Sleeve Width: 1.96850393700787 (600.0mm)

[2026-01-02 20:35:38.092] [20:35:38.091] [SleeveParameterService] [BATCH-PARAMS]   - Height: 1.96850393700787 (600.0mm)

[2026-01-02 20:35:38.094] [20:35:38.093] [SleeveParameterService] [BATCH-PARAMS]   - Sleeve Height: 1.96850393700787 (600.0mm)

[2026-01-02 20:35:38.095] [20:35:38.095] [SleeveParameterService] [BATCH-PARAMS]   - Depth: 0.656167979002625 (200.0mm)

[2026-01-02 20:35:38.097] [20:35:38.097] [SleeveParameterService] [BATCH-PARAMS]   - Sleeve Instance ID: 1210527 (1210527)

[2026-01-02 20:35:38.099] [20:35:38.097] [SleeveParameterService] [BATCH-PARAMS]   - MEP_Category: Ducts (Ducts)

[2026-01-02 20:35:38.100] [20:35:38.099] [SleeveParameterService] [BATCH-PARAMS]   - MEP_ElementId: 739950 (739950)

[2026-01-02 20:35:38.102] [20:35:38.102] [SleeveParameterService] [BATCH-PARAMS]   - Schedule Level: 311 (311)

[2026-01-02 20:35:38.104] [20:35:38.103] [SleeveParameterService] [BATCH-PARAMS]   - Bottom Of Opening: 1.45694166252145 (444.1mm)

[2026-01-02 20:35:38.107] [20:35:38.106] [SleeveParameterService] [BATCH-PARAMS] [SCHEDULE-LEVEL] ✅ Set 'Schedule Level' to ElementId 311 (Level: Level 0) on sleeve 1210527

[2026-01-02 20:35:38.109] [20:35:38.108] [SleeveParameterService] [BATCH-PARAMS] [BOTTOM-OF-OPENING] 🔍 FLUSHING: Sleeve=1210527
  - Parameter name: 'Bottom Of Opening'
  - Value to set: 1.45694166252145 (444.1mm)
  - Parameter storage type: Double
  - Parameter is read-only: False

[2026-01-02 20:35:38.111] [20:35:38.110] [SleeveParameterService] [BATCH-PARAMS] [BOTTOM-OF-OPENING] ✅ AFTER FLUSH: Sleeve=1210527
  - Expected value: 1.45694166252145 (444.1mm)
  - Actual value: 0 (0.0mm)
  - Match: False

[2026-01-02 20:35:38.112] [20:35:38.111] [SleeveParameterService] [BATCH-PARAMS] 🔍 FLUSHING: Sleeve=1210534, Parameters=10

[2026-01-02 20:35:38.113] [20:35:38.113] [SleeveParameterService] [BATCH-PARAMS]   - Width: 1.96850393700787 (600.0mm)

[2026-01-02 20:35:38.115] [20:35:38.114] [SleeveParameterService] [BATCH-PARAMS]   - Sleeve Width: 1.96850393700787 (600.0mm)

[2026-01-02 20:35:38.117] [20:35:38.116] [SleeveParameterService] [BATCH-PARAMS]   - Height: 1.96850393700787 (600.0mm)

[2026-01-02 20:35:38.118] [20:35:38.118] [SleeveParameterService] [BATCH-PARAMS]   - Sleeve Height: 1.96850393700787 (600.0mm)

[2026-01-02 20:35:38.120] [20:35:38.119] [SleeveParameterService] [BATCH-PARAMS]   - Depth: 0.656167979002625 (200.0mm)

[2026-01-02 20:35:38.121] [20:35:38.121] [SleeveParameterService] [BATCH-PARAMS]   - Sleeve Instance ID: 1210534 (1210534)

[2026-01-02 20:35:38.123] [20:35:38.122] [SleeveParameterService] [BATCH-PARAMS]   - MEP_Category: Ducts (Ducts)

[2026-01-02 20:35:38.125] [20:35:38.124] [SleeveParameterService] [BATCH-PARAMS]   - MEP_ElementId: 739979 (739979)

[2026-01-02 20:35:38.127] [20:35:38.125] [SleeveParameterService] [BATCH-PARAMS]   - Schedule Level: 311 (311)

[2026-01-02 20:35:38.129] [20:35:38.128] [SleeveParameterService] [BATCH-PARAMS]   - Bottom Of Opening: 3.93700787401575 (1200.0mm)

[2026-01-02 20:35:38.131] [20:35:38.130] [SleeveParameterService] [BATCH-PARAMS] [SCHEDULE-LEVEL] ✅ Set 'Schedule Level' to ElementId 311 (Level: Level 0) on sleeve 1210534

[2026-01-02 20:35:38.133] [20:35:38.132] [SleeveParameterService] [BATCH-PARAMS] [BOTTOM-OF-OPENING] 🔍 FLUSHING: Sleeve=1210534
  - Parameter name: 'Bottom Of Opening'
  - Value to set: 3.93700787401575 (1200.0mm)
  - Parameter storage type: Double
  - Parameter is read-only: False

[2026-01-02 20:35:38.134] [20:35:38.134] [SleeveParameterService] [BATCH-PARAMS] [BOTTOM-OF-OPENING] ✅ AFTER FLUSH: Sleeve=1210534
  - Expected value: 3.93700787401575 (1200.0mm)
  - Actual value: 0 (0.0mm)
  - Match: False

[2026-01-02 20:35:38.136] [20:35:38.135] [SleeveParameterService] [BATCH-PARAMS] 🔍 FLUSHING: Sleeve=1210541, Parameters=10

[2026-01-02 20:35:38.138] [20:35:38.137] [SleeveParameterService] [BATCH-PARAMS]   - Width: 1.96850393700787 (600.0mm)

[2026-01-02 20:35:38.140] [20:35:38.139] [SleeveParameterService] [BATCH-PARAMS]   - Sleeve Width: 1.96850393700787 (600.0mm)

[2026-01-02 20:35:38.141] [20:35:38.141] [SleeveParameterService] [BATCH-PARAMS]   - Height: 1.96850393700787 (600.0mm)

[2026-01-02 20:35:38.143] [20:35:38.142] [SleeveParameterService] [BATCH-PARAMS]   - Sleeve Height: 1.96850393700787 (600.0mm)

[2026-01-02 20:35:38.144] [20:35:38.144] [SleeveParameterService] [BATCH-PARAMS]   - Depth: 0.656167979002625 (200.0mm)

[2026-01-02 20:35:38.146] [20:35:38.146] [SleeveParameterService] [BATCH-PARAMS]   - Sleeve Instance ID: 1210541 (1210541)

[2026-01-02 20:35:38.148] [20:35:38.147] [SleeveParameterService] [BATCH-PARAMS]   - MEP_Category: Ducts (Ducts)

[2026-01-02 20:35:38.150] [20:35:38.149] [SleeveParameterService] [BATCH-PARAMS]   - MEP_ElementId: 739990 (739990)

[2026-01-02 20:35:38.151] [20:35:38.151] [SleeveParameterService] [BATCH-PARAMS]   - Schedule Level: 311 (311)

[2026-01-02 20:35:38.153] [20:35:38.152] [SleeveParameterService] [BATCH-PARAMS]   - Bottom Of Opening: 1.23031496062992 (375.0mm)

[2026-01-02 20:35:38.156] [20:35:38.155] [SleeveParameterService] [BATCH-PARAMS] [SCHEDULE-LEVEL] ✅ Set 'Schedule Level' to ElementId 311 (Level: Level 0) on sleeve 1210541

[2026-01-02 20:35:38.158] [20:35:38.157] [SleeveParameterService] [BATCH-PARAMS] [BOTTOM-OF-OPENING] 🔍 FLUSHING: Sleeve=1210541
  - Parameter name: 'Bottom Of Opening'
  - Value to set: 1.23031496062992 (375.0mm)
  - Parameter storage type: Double
  - Parameter is read-only: False

[2026-01-02 20:35:38.159] [20:35:38.159] [SleeveParameterService] [BATCH-PARAMS] [BOTTOM-OF-OPENING] ✅ AFTER FLUSH: Sleeve=1210541
  - Expected value: 1.23031496062992 (375.0mm)
  - Actual value: 0 (0.0mm)
  - Match: False

[2026-01-02 20:35:38.161] [20:35:38.160] [SleeveParameterService] [BATCH-PARAMS] 🔍 FLUSHING: Sleeve=1210548, Parameters=10

[2026-01-02 20:35:38.163] [20:35:38.162] [SleeveParameterService] [BATCH-PARAMS]   - Width: 1.96850393700787 (600.0mm)

[2026-01-02 20:35:38.164] [20:35:38.164] [SleeveParameterService] [BATCH-PARAMS]   - Sleeve Width: 1.96850393700787 (600.0mm)

[2026-01-02 20:35:38.166] [20:35:38.165] [SleeveParameterService] [BATCH-PARAMS]   - Height: 1.96850393700787 (600.0mm)

[2026-01-02 20:35:38.167] [20:35:38.167] [SleeveParameterService] [BATCH-PARAMS]   - Sleeve Height: 1.96850393700787 (600.0mm)

[2026-01-02 20:35:38.169] [20:35:38.169] [SleeveParameterService] [BATCH-PARAMS]   - Depth: 0.656167979002625 (200.0mm)

[2026-01-02 20:35:38.171] [20:35:38.170] [SleeveParameterService] [BATCH-PARAMS]   - Sleeve Instance ID: 1210548 (1210548)

[2026-01-02 20:35:38.173] [20:35:38.172] [SleeveParameterService] [BATCH-PARAMS]   - MEP_Category: Ducts (Ducts)

[2026-01-02 20:35:38.174] [20:35:38.174] [SleeveParameterService] [BATCH-PARAMS]   - MEP_ElementId: 740031 (740031)

[2026-01-02 20:35:38.176] [20:35:38.175] [SleeveParameterService] [BATCH-PARAMS]   - Schedule Level: 311 (311)

[2026-01-02 20:35:38.178] [20:35:38.177] [SleeveParameterService] [BATCH-PARAMS]   - Bottom Of Opening: 1.45702099737533 (444.1mm)

[2026-01-02 20:35:38.181] [20:35:38.180] [SleeveParameterService] [BATCH-PARAMS] [SCHEDULE-LEVEL] ✅ Set 'Schedule Level' to ElementId 311 (Level: Level 0) on sleeve 1210548

[2026-01-02 20:35:38.183] [20:35:38.182] [SleeveParameterService] [BATCH-PARAMS] [BOTTOM-OF-OPENING] 🔍 FLUSHING: Sleeve=1210548
  - Parameter name: 'Bottom Of Opening'
  - Value to set: 1.45702099737533 (444.1mm)
  - Parameter storage type: Double
  - Parameter is read-only: False

[2026-01-02 20:35:38.185] [20:35:38.184] [SleeveParameterService] [BATCH-PARAMS] [BOTTOM-OF-OPENING] ✅ AFTER FLUSH: Sleeve=1210548
  - Expected value: 1.45702099737533 (444.1mm)
  - Actual value: 0 (0.0mm)
  - Match: False

[2026-01-02 20:35:38.186] [20:35:38.186] [SleeveParameterService] [BATCH-PARAMS] 🔍 FLUSHING: Sleeve=1210555, Parameters=10

[2026-01-02 20:35:38.188] [20:35:38.187] [SleeveParameterService] [BATCH-PARAMS]   - Width: 1.96850393700787 (600.0mm)

[2026-01-02 20:35:38.190] [20:35:38.189] [SleeveParameterService] [BATCH-PARAMS]   - Sleeve Width: 1.96850393700787 (600.0mm)

[2026-01-02 20:35:38.191] [20:35:38.190] [SleeveParameterService] [BATCH-PARAMS]   - Height: 1.96850393700787 (600.0mm)

[2026-01-02 20:35:38.193] [20:35:38.192] [SleeveParameterService] [BATCH-PARAMS]   - Sleeve Height: 1.96850393700787 (600.0mm)

[2026-01-02 20:35:38.195] [20:35:38.194] [SleeveParameterService] [BATCH-PARAMS]   - Depth: 0.656167979002625 (200.0mm)

[2026-01-02 20:35:38.196] [20:35:38.196] [SleeveParameterService] [BATCH-PARAMS]   - Sleeve Instance ID: 1210555 (1210555)

[2026-01-02 20:35:38.197] [20:35:38.197] [SleeveParameterService] [BATCH-PARAMS]   - MEP_Category: Ducts (Ducts)

[2026-01-02 20:35:38.199] [20:35:38.198] [SleeveParameterService] [BATCH-PARAMS]   - MEP_ElementId: 740042 (740042)

[2026-01-02 20:35:38.201] [20:35:38.200] [SleeveParameterService] [BATCH-PARAMS]   - Schedule Level: 311 (311)

[2026-01-02 20:35:38.202] [20:35:38.202] [SleeveParameterService] [BATCH-PARAMS]   - Bottom Of Opening: 1.45702099737533 (444.1mm)

[2026-01-02 20:35:38.205] [20:35:38.204] [SleeveParameterService] [BATCH-PARAMS] [SCHEDULE-LEVEL] ✅ Set 'Schedule Level' to ElementId 311 (Level: Level 0) on sleeve 1210555

[2026-01-02 20:35:38.207] [20:35:38.206] [SleeveParameterService] [BATCH-PARAMS] [BOTTOM-OF-OPENING] 🔍 FLUSHING: Sleeve=1210555
  - Parameter name: 'Bottom Of Opening'
  - Value to set: 1.45702099737533 (444.1mm)
  - Parameter storage type: Double
  - Parameter is read-only: False

[2026-01-02 20:35:38.209] [20:35:38.208] [SleeveParameterService] [BATCH-PARAMS] [BOTTOM-OF-OPENING] ✅ AFTER FLUSH: Sleeve=1210555
  - Expected value: 1.45702099737533 (444.1mm)
  - Actual value: 0 (0.0mm)
  - Match: False

[2026-01-02 20:35:38.210] [20:35:38.210] [SleeveParameterService] [BATCH-PARAMS] 🔍 FLUSHING: Sleeve=1210562, Parameters=10

[2026-01-02 20:35:38.212] [20:35:38.211] [SleeveParameterService] [BATCH-PARAMS]   - Width: 1.96850393700787 (600.0mm)

[2026-01-02 20:35:38.214] [20:35:38.213] [SleeveParameterService] [BATCH-PARAMS]   - Sleeve Width: 1.96850393700787 (600.0mm)

[2026-01-02 20:35:38.218] [20:35:38.217] [SleeveParameterService] [BATCH-PARAMS]   - Height: 0.984251968503937 (300.0mm)

[2026-01-02 20:35:38.219] [20:35:38.218] [SleeveParameterService] [BATCH-PARAMS]   - Sleeve Height: 0.984251968503937 (300.0mm)

[2026-01-02 20:35:38.221] [20:35:38.220] [SleeveParameterService] [BATCH-PARAMS]   - Depth: 0.656167979002625 (200.0mm)

[2026-01-02 20:35:38.222] [20:35:38.222] [SleeveParameterService] [BATCH-PARAMS]   - Sleeve Instance ID: 1210562 (1210562)

[2026-01-02 20:35:38.224] [20:35:38.223] [SleeveParameterService] [BATCH-PARAMS]   - MEP_Category: Ducts (Ducts)

[2026-01-02 20:35:38.226] [20:35:38.225] [SleeveParameterService] [BATCH-PARAMS]   - MEP_ElementId: 730475 (730475)

[2026-01-02 20:35:38.227] [20:35:38.227] [SleeveParameterService] [BATCH-PARAMS]   - Schedule Level: 311 (311)

[2026-01-02 20:35:38.229] [20:35:38.228] [SleeveParameterService] [BATCH-PARAMS]   - Bottom Of Opening: 4.71566732304699 (1437.3mm)

[2026-01-02 20:35:38.232] [20:35:38.231] [SleeveParameterService] [BATCH-PARAMS] [SCHEDULE-LEVEL] ✅ Set 'Schedule Level' to ElementId 311 (Level: Level 0) on sleeve 1210562

[2026-01-02 20:35:38.233] [20:35:38.233] [SleeveParameterService] [BATCH-PARAMS] [BOTTOM-OF-OPENING] 🔍 FLUSHING: Sleeve=1210562
  - Parameter name: 'Bottom Of Opening'
  - Value to set: 4.71566732304699 (1437.3mm)
  - Parameter storage type: Double
  - Parameter is read-only: False

[2026-01-02 20:35:38.235] [20:35:38.235] [SleeveParameterService] [BATCH-PARAMS] [BOTTOM-OF-OPENING] ✅ AFTER FLUSH: Sleeve=1210562
  - Expected value: 4.71566732304699 (1437.3mm)
  - Actual value: 0 (0.0mm)
  - Match: False

[2026-01-02 20:35:38.237] [20:35:38.236] [SleeveParameterService] [BATCH-PARAMS] 🔍 FLUSHING: Sleeve=1210569, Parameters=10

[2026-01-02 20:35:38.239] [20:35:38.238] [SleeveParameterService] [BATCH-PARAMS]   - Width: 1.96850393700787 (600.0mm)

[2026-01-02 20:35:38.240] [20:35:38.240] [SleeveParameterService] [BATCH-PARAMS]   - Sleeve Width: 1.96850393700787 (600.0mm)

[2026-01-02 20:35:38.243] [20:35:38.241] [SleeveParameterService] [BATCH-PARAMS]   - Height: 0.984251968503937 (300.0mm)

[2026-01-02 20:35:38.243] [20:35:38.243] [SleeveParameterService] [BATCH-PARAMS]   - Sleeve Height: 0.984251968503937 (300.0mm)

[2026-01-02 20:35:38.245] [20:35:38.245] [SleeveParameterService] [BATCH-PARAMS]   - Depth: 0.656167979002625 (200.0mm)

[2026-01-02 20:35:38.247] [20:35:38.247] [SleeveParameterService] [BATCH-PARAMS]   - Sleeve Instance ID: 1210569 (1210569)

[2026-01-02 20:35:38.249] [20:35:38.248] [SleeveParameterService] [BATCH-PARAMS]   - MEP_Category: Ducts (Ducts)

[2026-01-02 20:35:38.250] [20:35:38.250] [SleeveParameterService] [BATCH-PARAMS]   - MEP_ElementId: 736422 (736422)

[2026-01-02 20:35:38.252] [20:35:38.251] [SleeveParameterService] [BATCH-PARAMS]   - Schedule Level: 311 (311)

[2026-01-02 20:35:38.254] [20:35:38.253] [SleeveParameterService] [BATCH-PARAMS]   - Bottom Of Opening: 10.0700857409509 (3069.4mm)

[2026-01-02 20:35:38.257] [20:35:38.256] [SleeveParameterService] [BATCH-PARAMS] [SCHEDULE-LEVEL] ✅ Set 'Schedule Level' to ElementId 311 (Level: Level 0) on sleeve 1210569

[2026-01-02 20:35:38.258] [20:35:38.258] [SleeveParameterService] [BATCH-PARAMS] [BOTTOM-OF-OPENING] 🔍 FLUSHING: Sleeve=1210569
  - Parameter name: 'Bottom Of Opening'
  - Value to set: 10.0700857409509 (3069.4mm)
  - Parameter storage type: Double
  - Parameter is read-only: False

[2026-01-02 20:35:38.260] [20:35:38.260] [SleeveParameterService] [BATCH-PARAMS] [BOTTOM-OF-OPENING] ✅ AFTER FLUSH: Sleeve=1210569
  - Expected value: 10.0700857409509 (3069.4mm)
  - Actual value: 0 (0.0mm)
  - Match: False

[2026-01-02 20:35:38.262] [20:35:38.262] [SleeveParameterService] [BATCH-PARAMS] 🔍 FLUSHING: Sleeve=1210576, Parameters=10

[2026-01-02 20:35:38.263] [20:35:38.263] [SleeveParameterService] [BATCH-PARAMS]   - Width: 1.80446194225722 (550.0mm)

[2026-01-02 20:35:38.265] [20:35:38.265] [SleeveParameterService] [BATCH-PARAMS]   - Sleeve Width: 1.80446194225722 (550.0mm)

[2026-01-02 20:35:38.267] [20:35:38.266] [SleeveParameterService] [BATCH-PARAMS]   - Height: 0.984251968503937 (300.0mm)

[2026-01-02 20:35:38.269] [20:35:38.268] [SleeveParameterService] [BATCH-PARAMS]   - Sleeve Height: 0.984251968503937 (300.0mm)

[2026-01-02 20:35:38.270] [20:35:38.270] [SleeveParameterService] [BATCH-PARAMS]   - Depth: 0.656167979002625 (200.0mm)

[2026-01-02 20:35:38.272] [20:35:38.271] [SleeveParameterService] [BATCH-PARAMS]   - Sleeve Instance ID: 1210576 (1210576)

[2026-01-02 20:35:38.273] [20:35:38.273] [SleeveParameterService] [BATCH-PARAMS]   - MEP_Category: Ducts (Ducts)

[2026-01-02 20:35:38.275] [20:35:38.274] [SleeveParameterService] [BATCH-PARAMS]   - MEP_ElementId: 735391 (735391)

[2026-01-02 20:35:38.277] [20:35:38.276] [SleeveParameterService] [BATCH-PARAMS]   - Schedule Level: 311 (311)

[2026-01-02 20:35:38.279] [20:35:38.278] [SleeveParameterService] [BATCH-PARAMS]   - Bottom Of Opening: 9.83049698008819 (2996.3mm)

[2026-01-02 20:35:38.282] [20:35:38.281] [SleeveParameterService] [BATCH-PARAMS] [SCHEDULE-LEVEL] ✅ Set 'Schedule Level' to ElementId 311 (Level: Level 0) on sleeve 1210576

[2026-01-02 20:35:38.283] [20:35:38.282] [SleeveParameterService] [BATCH-PARAMS] [BOTTOM-OF-OPENING] 🔍 FLUSHING: Sleeve=1210576
  - Parameter name: 'Bottom Of Opening'
  - Value to set: 9.83049698008819 (2996.3mm)
  - Parameter storage type: Double
  - Parameter is read-only: False

[2026-01-02 20:35:38.284] [20:35:38.284] [SleeveParameterService] [BATCH-PARAMS] [BOTTOM-OF-OPENING] ✅ AFTER FLUSH: Sleeve=1210576
  - Expected value: 9.83049698008819 (2996.3mm)
  - Actual value: 0 (0.0mm)
  - Match: False

[2026-01-02 20:35:38.286] [20:35:38.286] [SleeveParameterService] [BATCH-PARAMS] 🔍 FLUSHING: Sleeve=1210583, Parameters=10

[2026-01-02 20:35:38.288] [20:35:38.287] [SleeveParameterService] [BATCH-PARAMS]   - Width: 3.44488188976378 (1050.0mm)

[2026-01-02 20:35:38.290] [20:35:38.289] [SleeveParameterService] [BATCH-PARAMS]   - Sleeve Width: 3.44488188976378 (1050.0mm)

[2026-01-02 20:35:38.292] [20:35:38.291] [SleeveParameterService] [BATCH-PARAMS]   - Height: 1.96850393700787 (600.0mm)

[2026-01-02 20:35:38.293] [20:35:38.293] [SleeveParameterService] [BATCH-PARAMS]   - Sleeve Height: 1.96850393700787 (600.0mm)

[2026-01-02 20:35:38.296] [20:35:38.294] [SleeveParameterService] [BATCH-PARAMS]   - Depth: 0.656167979002625 (200.0mm)

[2026-01-02 20:35:38.297] [20:35:38.296] [SleeveParameterService] [BATCH-PARAMS]   - Sleeve Instance ID: 1210583 (1210583)

[2026-01-02 20:35:38.298] [20:35:38.298] [SleeveParameterService] [BATCH-PARAMS]   - MEP_Category: Ducts (Ducts)

[2026-01-02 20:35:38.300] [20:35:38.299] [SleeveParameterService] [BATCH-PARAMS]   - MEP_ElementId: 735253 (735253)

[2026-01-02 20:35:38.302] [20:35:38.301] [SleeveParameterService] [BATCH-PARAMS]   - Schedule Level: 311 (311)

[2026-01-02 20:35:38.304] [20:35:38.302] [SleeveParameterService] [BATCH-PARAMS]   - Bottom Of Opening: 3.19584692584172 (974.1mm)

[2026-01-02 20:35:38.306] [20:35:38.306] [SleeveParameterService] [BATCH-PARAMS] [SCHEDULE-LEVEL] ✅ Set 'Schedule Level' to ElementId 311 (Level: Level 0) on sleeve 1210583

[2026-01-02 20:35:38.308] [20:35:38.308] [SleeveParameterService] [BATCH-PARAMS] [BOTTOM-OF-OPENING] 🔍 FLUSHING: Sleeve=1210583
  - Parameter name: 'Bottom Of Opening'
  - Value to set: 3.19584692584172 (974.1mm)
  - Parameter storage type: Double
  - Parameter is read-only: False

[2026-01-02 20:35:38.310] [20:35:38.310] [SleeveParameterService] [BATCH-PARAMS] [BOTTOM-OF-OPENING] ✅ AFTER FLUSH: Sleeve=1210583
  - Expected value: 3.19584692584172 (974.1mm)
  - Actual value: 0 (0.0mm)
  - Match: False

[2026-01-02 20:35:38.312] [20:35:38.311] [SleeveParameterService] [BATCH-PARAMS] 🔍 FLUSHING: Sleeve=1210590, Parameters=10

[2026-01-02 20:35:38.313] [20:35:38.313] [SleeveParameterService] [BATCH-PARAMS]   - Width: 3.44488188976378 (1050.0mm)

[2026-01-02 20:35:38.315] [20:35:38.314] [SleeveParameterService] [BATCH-PARAMS]   - Sleeve Width: 3.44488188976378 (1050.0mm)

[2026-01-02 20:35:38.316] [20:35:38.316] [SleeveParameterService] [BATCH-PARAMS]   - Height: 1.96850393700787 (600.0mm)

[2026-01-02 20:35:38.318] [20:35:38.317] [SleeveParameterService] [BATCH-PARAMS]   - Sleeve Height: 1.96850393700787 (600.0mm)

[2026-01-02 20:35:38.319] [20:35:38.319] [SleeveParameterService] [BATCH-PARAMS]   - Depth: 0.656167979002625 (200.0mm)

[2026-01-02 20:35:38.321] [20:35:38.320] [SleeveParameterService] [BATCH-PARAMS]   - Sleeve Instance ID: 1210590 (1210590)

[2026-01-02 20:35:38.324] [20:35:38.322] [SleeveParameterService] [BATCH-PARAMS]   - MEP_Category: Ducts (Ducts)

[2026-01-02 20:35:38.325] [20:35:38.325] [SleeveParameterService] [BATCH-PARAMS]   - MEP_ElementId: 735656 (735656)

[2026-01-02 20:35:38.327] [20:35:38.326] [SleeveParameterService] [BATCH-PARAMS]   - Schedule Level: 311 (311)

[2026-01-02 20:35:38.328] [20:35:38.328] [SleeveParameterService] [BATCH-PARAMS]   - Bottom Of Opening: 3.23255010198388 (985.3mm)

[2026-01-02 20:35:38.331] [20:35:38.331] [SleeveParameterService] [BATCH-PARAMS] [SCHEDULE-LEVEL] ✅ Set 'Schedule Level' to ElementId 311 (Level: Level 0) on sleeve 1210590

[2026-01-02 20:35:38.333] [20:35:38.332] [SleeveParameterService] [BATCH-PARAMS] [BOTTOM-OF-OPENING] 🔍 FLUSHING: Sleeve=1210590
  - Parameter name: 'Bottom Of Opening'
  - Value to set: 3.23255010198388 (985.3mm)
  - Parameter storage type: Double
  - Parameter is read-only: False

[2026-01-02 20:35:38.334] [20:35:38.334] [SleeveParameterService] [BATCH-PARAMS] [BOTTOM-OF-OPENING] ✅ AFTER FLUSH: Sleeve=1210590
  - Expected value: 3.23255010198388 (985.3mm)
  - Actual value: 0 (0.0mm)
  - Match: False

[2026-01-02 20:35:38.336] [20:35:38.335] [SleeveParameterService] [BATCH-PARAMS] 🔍 FLUSHING: Sleeve=1210597, Parameters=10

[2026-01-02 20:35:38.338] [20:35:38.337] [SleeveParameterService] [BATCH-PARAMS]   - Width: 3.28083989501312 (1000.0mm)

[2026-01-02 20:35:38.340] [20:35:38.339] [SleeveParameterService] [BATCH-PARAMS]   - Sleeve Width: 3.28083989501312 (1000.0mm)

[2026-01-02 20:35:38.342] [20:35:38.341] [SleeveParameterService] [BATCH-PARAMS]   - Height: 1.80446194225722 (550.0mm)

[2026-01-02 20:35:38.344] [20:35:38.343] [SleeveParameterService] [BATCH-PARAMS]   - Sleeve Height: 1.80446194225722 (550.0mm)

[2026-01-02 20:35:38.345] [20:35:38.345] [SleeveParameterService] [BATCH-PARAMS]   - Depth: 0.656167979002625 (200.0mm)

[2026-01-02 20:35:38.347] [20:35:38.346] [SleeveParameterService] [BATCH-PARAMS]   - Sleeve Instance ID: 1210597 (1210597)

[2026-01-02 20:35:38.349] [20:35:38.348] [SleeveParameterService] [BATCH-PARAMS]   - MEP_Category: Ducts (Ducts)

[2026-01-02 20:35:38.350] [20:35:38.350] [SleeveParameterService] [BATCH-PARAMS]   - MEP_ElementId: 730851 (730851)

[2026-01-02 20:35:38.352] [20:35:38.351] [SleeveParameterService] [BATCH-PARAMS]   - Schedule Level: 311 (311)

[2026-01-02 20:35:38.354] [20:35:38.353] [SleeveParameterService] [BATCH-PARAMS]   - Bottom Of Opening: 4.26307756581078 (1299.4mm)

[2026-01-02 20:35:38.357] [20:35:38.356] [SleeveParameterService] [BATCH-PARAMS] [SCHEDULE-LEVEL] ✅ Set 'Schedule Level' to ElementId 311 (Level: Level 0) on sleeve 1210597

[2026-01-02 20:35:38.359] [20:35:38.358] [SleeveParameterService] [BATCH-PARAMS] [BOTTOM-OF-OPENING] 🔍 FLUSHING: Sleeve=1210597
  - Parameter name: 'Bottom Of Opening'
  - Value to set: 4.26307756581078 (1299.4mm)
  - Parameter storage type: Double
  - Parameter is read-only: False

[2026-01-02 20:35:38.361] [20:35:38.360] [SleeveParameterService] [BATCH-PARAMS] [BOTTOM-OF-OPENING] ✅ AFTER FLUSH: Sleeve=1210597
  - Expected value: 4.26307756581078 (1299.4mm)
  - Actual value: 0 (0.0mm)
  - Match: False

[2026-01-02 20:35:38.362] [20:35:38.361] [SleeveParameterService] [BATCH-PARAMS] 🔍 FLUSHING: Sleeve=1210604, Parameters=10

[2026-01-02 20:35:38.364] [20:35:38.363] [SleeveParameterService] [BATCH-PARAMS]   - Width: 3.11679790026247 (950.0mm)

[2026-01-02 20:35:38.365] [20:35:38.365] [SleeveParameterService] [BATCH-PARAMS]   - Sleeve Width: 3.11679790026247 (950.0mm)

[2026-01-02 20:35:38.367] [20:35:38.366] [SleeveParameterService] [BATCH-PARAMS]   - Height: 1.64041994750656 (500.0mm)

[2026-01-02 20:35:38.368] [20:35:38.367] [SleeveParameterService] [BATCH-PARAMS]   - Sleeve Height: 1.64041994750656 (500.0mm)

[2026-01-02 20:35:38.370] [20:35:38.369] [SleeveParameterService] [BATCH-PARAMS]   - Depth: 0.656167979002625 (200.0mm)

[2026-01-02 20:35:38.371] [20:35:38.371] [SleeveParameterService] [BATCH-PARAMS]   - Sleeve Instance ID: 1210604 (1210604)

[2026-01-02 20:35:38.373] [20:35:38.372] [SleeveParameterService] [BATCH-PARAMS]   - MEP_Category: Ducts (Ducts)

[2026-01-02 20:35:38.375] [20:35:38.374] [SleeveParameterService] [BATCH-PARAMS]   - MEP_ElementId: 730976 (730976)

[2026-01-02 20:35:38.376] [20:35:38.376] [SleeveParameterService] [BATCH-PARAMS]   - Schedule Level: 311 (311)

[2026-01-02 20:35:38.378] [20:35:38.378] [SleeveParameterService] [BATCH-PARAMS]   - Bottom Of Opening: 7.54593175853018 (2300.0mm)

[2026-01-02 20:35:38.381] [20:35:38.380] [SleeveParameterService] [BATCH-PARAMS] [SCHEDULE-LEVEL] ✅ Set 'Schedule Level' to ElementId 311 (Level: Level 0) on sleeve 1210604

[2026-01-02 20:35:38.383] [20:35:38.382] [SleeveParameterService] [BATCH-PARAMS] [BOTTOM-OF-OPENING] 🔍 FLUSHING: Sleeve=1210604
  - Parameter name: 'Bottom Of Opening'
  - Value to set: 7.54593175853018 (2300.0mm)
  - Parameter storage type: Double
  - Parameter is read-only: False

[2026-01-02 20:35:38.385] [20:35:38.384] [SleeveParameterService] [BATCH-PARAMS] [BOTTOM-OF-OPENING] ✅ AFTER FLUSH: Sleeve=1210604
  - Expected value: 7.54593175853018 (2300.0mm)
  - Actual value: 0 (0.0mm)
  - Match: False

[2026-01-02 20:35:38.386] [20:35:38.386] [SleeveParameterService] [BATCH-PARAMS] 🔍 FLUSHING: Sleeve=1210611, Parameters=10

[2026-01-02 20:35:38.389] [20:35:38.387] [SleeveParameterService] [BATCH-PARAMS]   - Width: 2.46062992125984 (750.0mm)

[2026-01-02 20:35:38.390] [20:35:38.389] [SleeveParameterService] [BATCH-PARAMS]   - Sleeve Width: 2.46062992125984 (750.0mm)

[2026-01-02 20:35:38.392] [20:35:38.391] [SleeveParameterService] [BATCH-PARAMS]   - Height: 1.31233595800525 (400.0mm)

[2026-01-02 20:35:38.394] [20:35:38.393] [SleeveParameterService] [BATCH-PARAMS]   - Sleeve Height: 1.31233595800525 (400.0mm)

[2026-01-02 20:35:38.395] [20:35:38.395] [SleeveParameterService] [BATCH-PARAMS]   - Depth: 0.656167979002625 (200.0mm)

[2026-01-02 20:35:38.397] [20:35:38.396] [SleeveParameterService] [BATCH-PARAMS]   - Sleeve Instance ID: 1210611 (1210611)

[2026-01-02 20:35:38.399] [20:35:38.398] [SleeveParameterService] [BATCH-PARAMS]   - MEP_Category: Ducts (Ducts)

[2026-01-02 20:35:38.400] [20:35:38.399] [SleeveParameterService] [BATCH-PARAMS]   - MEP_ElementId: 730932 (730932)

[2026-01-02 20:35:38.401] [20:35:38.401] [SleeveParameterService] [BATCH-PARAMS]   - Schedule Level: 311 (311)

[2026-01-02 20:35:38.404] [20:35:38.403] [SleeveParameterService] [BATCH-PARAMS]   - Bottom Of Opening: 6.19192877926062 (1887.3mm)

[2026-01-02 20:35:38.407] [20:35:38.406] [SleeveParameterService] [BATCH-PARAMS] [SCHEDULE-LEVEL] ✅ Set 'Schedule Level' to ElementId 311 (Level: Level 0) on sleeve 1210611

[2026-01-02 20:35:38.409] [20:35:38.408] [SleeveParameterService] [BATCH-PARAMS] [BOTTOM-OF-OPENING] 🔍 FLUSHING: Sleeve=1210611
  - Parameter name: 'Bottom Of Opening'
  - Value to set: 6.19192877926062 (1887.3mm)
  - Parameter storage type: Double
  - Parameter is read-only: False

[2026-01-02 20:35:38.410] [20:35:38.410] [SleeveParameterService] [BATCH-PARAMS] [BOTTOM-OF-OPENING] ✅ AFTER FLUSH: Sleeve=1210611
  - Expected value: 6.19192877926062 (1887.3mm)
  - Actual value: 0 (0.0mm)
  - Match: False

[2026-01-02 20:35:38.412] [20:35:38.412] [SleeveParameterService] [BATCH-PARAMS] 🔍 FLUSHING: Sleeve=1210618, Parameters=10

[2026-01-02 20:35:38.414] [20:35:38.413] [SleeveParameterService] [BATCH-PARAMS]   - Width: 1.96850393700787 (600.0mm)

[2026-01-02 20:35:38.415] [20:35:38.415] [SleeveParameterService] [BATCH-PARAMS]   - Sleeve Width: 1.96850393700787 (600.0mm)

[2026-01-02 20:35:38.417] [20:35:38.417] [SleeveParameterService] [BATCH-PARAMS]   - Height: 1.96850393700787 (600.0mm)

[2026-01-02 20:35:38.419] [20:35:38.418] [SleeveParameterService] [BATCH-PARAMS]   - Sleeve Height: 1.96850393700787 (600.0mm)

[2026-01-02 20:35:38.421] [20:35:38.420] [SleeveParameterService] [BATCH-PARAMS]   - Depth: 0.656167979002625 (200.0mm)

[2026-01-02 20:35:38.422] [20:35:38.422] [SleeveParameterService] [BATCH-PARAMS]   - Sleeve Instance ID: 1210618 (1210618)

[2026-01-02 20:35:38.424] [20:35:38.423] [SleeveParameterService] [BATCH-PARAMS]   - MEP_Category: Ducts (Ducts)

[2026-01-02 20:35:38.426] [20:35:38.425] [SleeveParameterService] [BATCH-PARAMS]   - MEP_ElementId: 740116 (740116)

[2026-01-02 20:35:38.427] [20:35:38.427] [SleeveParameterService] [BATCH-PARAMS]   - Schedule Level: 311 (311)

[2026-01-02 20:35:38.429] [20:35:38.428] [SleeveParameterService] [BATCH-PARAMS]   - Bottom Of Opening: 7.43747236466329 (2266.9mm)

[2026-01-02 20:35:38.432] [20:35:38.431] [SleeveParameterService] [BATCH-PARAMS] [SCHEDULE-LEVEL] ✅ Set 'Schedule Level' to ElementId 311 (Level: Level 0) on sleeve 1210618

[2026-01-02 20:35:38.434] [20:35:38.433] [SleeveParameterService] [BATCH-PARAMS] [BOTTOM-OF-OPENING] 🔍 FLUSHING: Sleeve=1210618
  - Parameter name: 'Bottom Of Opening'
  - Value to set: 7.43747236466329 (2266.9mm)
  - Parameter storage type: Double
  - Parameter is read-only: False

[2026-01-02 20:35:38.436] [20:35:38.435] [SleeveParameterService] [BATCH-PARAMS] [BOTTOM-OF-OPENING] ✅ AFTER FLUSH: Sleeve=1210618
  - Expected value: 7.43747236466329 (2266.9mm)
  - Actual value: 0 (0.0mm)
  - Match: False

[2026-01-02 20:35:38.437] [20:35:38.437] [SleeveParameterService] [BATCH-PARAMS] 🔍 FLUSHING: Sleeve=1210625, Parameters=10

[2026-01-02 20:35:38.438] [20:35:38.438] [SleeveParameterService] [BATCH-PARAMS]   - Width: 1.96850393700787 (600.0mm)

[2026-01-02 20:35:38.440] [20:35:38.439] [SleeveParameterService] [BATCH-PARAMS]   - Sleeve Width: 1.96850393700787 (600.0mm)

[2026-01-02 20:35:38.442] [20:35:38.441] [SleeveParameterService] [BATCH-PARAMS]   - Height: 1.31233595800525 (400.0mm)

[2026-01-02 20:35:38.443] [20:35:38.443] [SleeveParameterService] [BATCH-PARAMS]   - Sleeve Height: 1.31233595800525 (400.0mm)

[2026-01-02 20:35:38.445] [20:35:38.445] [SleeveParameterService] [BATCH-PARAMS]   - Depth: 0.656167979002625 (200.0mm)

[2026-01-02 20:35:38.448] [20:35:38.446] [SleeveParameterService] [BATCH-PARAMS]   - Sleeve Instance ID: 1210625 (1210625)

[2026-01-02 20:35:38.448] [20:35:38.448] [SleeveParameterService] [BATCH-PARAMS]   - MEP_Category: Ducts (Ducts)

[2026-01-02 20:35:38.450] [20:35:38.449] [SleeveParameterService] [BATCH-PARAMS]   - MEP_ElementId: 740244 (740244)

[2026-01-02 20:35:38.452] [20:35:38.451] [SleeveParameterService] [BATCH-PARAMS]   - Schedule Level: 311 (311)

[2026-01-02 20:35:38.453] [20:35:38.453] [SleeveParameterService] [BATCH-PARAMS]   - Bottom Of Opening: 7.2701455824134 (2215.9mm)

[2026-01-02 20:35:38.457] [20:35:38.456] [SleeveParameterService] [BATCH-PARAMS] [SCHEDULE-LEVEL] ✅ Set 'Schedule Level' to ElementId 311 (Level: Level 0) on sleeve 1210625

[2026-01-02 20:35:38.458] [20:35:38.458] [SleeveParameterService] [BATCH-PARAMS] [BOTTOM-OF-OPENING] 🔍 FLUSHING: Sleeve=1210625
  - Parameter name: 'Bottom Of Opening'
  - Value to set: 7.2701455824134 (2215.9mm)
  - Parameter storage type: Double
  - Parameter is read-only: False

[2026-01-02 20:35:38.460] [20:35:38.459] [SleeveParameterService] [BATCH-PARAMS] [BOTTOM-OF-OPENING] ✅ AFTER FLUSH: Sleeve=1210625
  - Expected value: 7.2701455824134 (2215.9mm)
  - Actual value: 0 (0.0mm)
  - Match: False

[2026-01-02 20:35:38.463] [20:35:38.462] [SleeveParameterService] [BATCH-PARAMS] 🔍 FLUSHING: Sleeve=1210632, Parameters=10

[2026-01-02 20:35:38.465] [20:35:38.464] [SleeveParameterService] [BATCH-PARAMS]   - Width: 1.96850393700787 (600.0mm)

[2026-01-02 20:35:38.466] [20:35:38.466] [SleeveParameterService] [BATCH-PARAMS]   - Sleeve Width: 1.96850393700787 (600.0mm)

[2026-01-02 20:35:38.468] [20:35:38.467] [SleeveParameterService] [BATCH-PARAMS]   - Height: 0.984251968503937 (300.0mm)

[2026-01-02 20:35:38.469] [20:35:38.469] [SleeveParameterService] [BATCH-PARAMS]   - Sleeve Height: 0.984251968503937 (300.0mm)

[2026-01-02 20:35:38.471] [20:35:38.470] [SleeveParameterService] [BATCH-PARAMS]   - Depth: 0.656167979002625 (200.0mm)

[2026-01-02 20:35:38.473] [20:35:38.472] [SleeveParameterService] [BATCH-PARAMS]   - Sleeve Instance ID: 1210632 (1210632)

[2026-01-02 20:35:38.475] [20:35:38.474] [SleeveParameterService] [BATCH-PARAMS]   - MEP_Category: Ducts (Ducts)

[2026-01-02 20:35:38.477] [20:35:38.476] [SleeveParameterService] [BATCH-PARAMS]   - MEP_ElementId: 740243 (740243)

[2026-01-02 20:35:38.478] [20:35:38.478] [SleeveParameterService] [BATCH-PARAMS]   - Schedule Level: 311 (311)

[2026-01-02 20:35:38.480] [20:35:38.479] [SleeveParameterService] [BATCH-PARAMS]   - Bottom Of Opening: 7.45390334363339 (2271.9mm)

[2026-01-02 20:35:38.483] [20:35:38.482] [SleeveParameterService] [BATCH-PARAMS] [SCHEDULE-LEVEL] ✅ Set 'Schedule Level' to ElementId 311 (Level: Level 0) on sleeve 1210632

[2026-01-02 20:35:38.485] [20:35:38.484] [SleeveParameterService] [BATCH-PARAMS] [BOTTOM-OF-OPENING] 🔍 FLUSHING: Sleeve=1210632
  - Parameter name: 'Bottom Of Opening'
  - Value to set: 7.45390334363339 (2271.9mm)
  - Parameter storage type: Double
  - Parameter is read-only: False

[2026-01-02 20:35:38.487] [20:35:38.486] [SleeveParameterService] [BATCH-PARAMS] [BOTTOM-OF-OPENING] ✅ AFTER FLUSH: Sleeve=1210632
  - Expected value: 7.45390334363339 (2271.9mm)
  - Actual value: 0 (0.0mm)
  - Match: False

[2026-01-02 20:35:38.497] [20:35:38.497] [COMMAND] ✅ NEW SERVICE RESULT: Placed=23, Skipped=0, Errors=0

[2026-01-02 20:35:42.120] [20:35:42] UniversalSleevePlacementCommand executed: Placed=23, Skipped=0, Errors=0

[2026-01-02 20:35:42.123] [20:35:42] ExecuteUniversalSleevePlacement SUCCESS: Placed=23, Skipped=0, Errors=0

[20:35:42] [BOUNDING_BOX_BEFORE_REGEN] Found 23 sleeves before regeneration
[20:35:42] [BOUNDING_BOX_BEFORE_REGEN] Sleeve 1210476: Min=(23.602465, 0.721785, 9.842520), Max=(24.750759, 1.377953, 10.990814)
[20:35:42] [BOUNDING_BOX_BEFORE_REGEN] Sleeve 1210485: Min=(34.678478, 0.721785, 4.265092), Max=(35.826772, 1.377953, 5.413386)
[20:35:42] [BOUNDING_BOX_BEFORE_REGEN] Sleeve 1210492: Min=(34.678478, 0.721785, 9.842520), Max=(35.826772, 1.377953, 10.990814)
[20:35:42] [BOUNDING_BOX_BEFORE_REGEN] Sleeve 1210499: Min=(0.721785, 9.252967, 9.809711), Max=(1.377953, 11.221471, 11.122047)
[20:35:42] [BOUNDING_BOX_BEFORE_REGEN] Sleeve 1210506: Min=(15.567585, 0.721785, 3.526903), Max=(17.536089, 1.377953, 5.495407)
[20:35:42] [BOUNDING_BOX_BEFORE_REGEN] Sleeve 1210513: Min=(50.557446, 0.721785, 9.886328), Max=(52.525950, 1.377953, 11.198664)
[20:35:42] [BOUNDING_BOX_BEFORE_REGEN] Sleeve 1210520: Min=(52.725465, 0.721785, 4.551739), Max=(54.693969, 1.377953, 5.864075)
[20:35:42] [BOUNDING_BOX_BEFORE_REGEN] Sleeve 1210527: Min=(8.004909, 0.721785, 1.456942), Max=(9.973413, 1.377953, 3.425446)
[20:35:42] [BOUNDING_BOX_BEFORE_REGEN] Sleeve 1210534: Min=(4.541738, 0.721785, 3.937008), Max=(6.510242, 1.377953, 5.905512)
[20:35:42] [BOUNDING_BOX_BEFORE_REGEN] Sleeve 1210541: Min=(2.198163, 0.721785, 1.230315), Max=(4.166667, 1.377953, 3.198819)
[20:35:42] [BOUNDING_BOX_AFTER_REGEN] Found 23 sleeves after regeneration
[20:35:42] [BOUNDING_BOX_AFTER_REGEN] Sleeve 1210476: Min=(23.602465, 0.721785, 9.842520), Max=(24.750759, 1.377953, 10.990814)
[20:35:42] [BOUNDING_BOX_AFTER_REGEN] Sleeve 1210485: Min=(34.678478, 0.721785, 4.265092), Max=(35.826772, 1.377953, 5.413386)
[20:35:42] [BOUNDING_BOX_AFTER_REGEN] Sleeve 1210492: Min=(34.678478, 0.721785, 9.842520), Max=(35.826772, 1.377953, 10.990814)
[20:35:42] [BOUNDING_BOX_AFTER_REGEN] Sleeve 1210499: Min=(0.721785, 9.252967, 9.809711), Max=(1.377953, 11.221471, 11.122047)
[20:35:42] [BOUNDING_BOX_AFTER_REGEN] Sleeve 1210506: Min=(15.567585, 0.721785, 3.526903), Max=(17.536089, 1.377953, 5.495407)
[20:35:42] [BOUNDING_BOX_AFTER_REGEN] Sleeve 1210513: Min=(50.557446, 0.721785, 9.886328), Max=(52.525950, 1.377953, 11.198664)
[20:35:42] [BOUNDING_BOX_AFTER_REGEN] Sleeve 1210520: Min=(52.725465, 0.721785, 4.551739), Max=(54.693969, 1.377953, 5.864075)
[20:35:42] [BOUNDING_BOX_AFTER_REGEN] Sleeve 1210527: Min=(8.004909, 0.721785, 1.456942), Max=(9.973413, 1.377953, 3.425446)
[20:35:42] [BOUNDING_BOX_AFTER_REGEN] Sleeve 1210534: Min=(4.541738, 0.721785, 3.937008), Max=(6.510242, 1.377953, 5.905512)
[20:35:42] [BOUNDING_BOX_AFTER_REGEN] Sleeve 1210541: Min=(2.198163, 0.721785, 1.230315), Max=(4.166667, 1.377953, 3.198819)
[20:35:42] [UpdateSleeveCoordinatesInXml] CALLED with xmlFilePath: NULL
[20:35:42] [UpdateSleeveCoordinatesInXml] Found 23 sleeves in Revit model
[20:35:42] [UpdateSleeveCoordinatesInXml] 🔍 Loading clash zones from database for category 'Ducts' (database-only mode)
[2026-01-02 20:35:42.191] [20:35:42.190] [DB-LOAD] Zone f4ed0093-18c1-fe0c-b7e4-0dc9ce4e0a17: Loaded MepElementLevelName='Level 0', MepElementLevelElevation=0.000000ft (0.0mm)

[2026-01-02 20:35:42.195] [20:35:42.194] [DB-LOAD] Zone c2d60296-f2a7-fa6d-665e-941f035331b6: Loaded MepElementLevelName='Level 0', MepElementLevelElevation=0.000000ft (0.0mm)

[2026-01-02 20:35:42.198] [20:35:42.197] [DB-LOAD] Zone 9054642b-26fd-79c7-2d65-3ab037771243: Loaded MepElementLevelName='Level 0', MepElementLevelElevation=0.000000ft (0.0mm)

[2026-01-02 20:35:42.201] [20:35:42.200] [DB-LOAD] Zone edfd5dca-bdac-8a33-7ce4-78d2ff0b0cb4: Loaded MepElementLevelName='Level 0', MepElementLevelElevation=0.000000ft (0.0mm)

[2026-01-02 20:35:42.205] [20:35:42.204] [DB-LOAD] Zone 049cd767-5dd6-cd86-93b1-07e9c5e91455: Loaded MepElementLevelName='Level 0', MepElementLevelElevation=0.000000ft (0.0mm)

[2026-01-02 20:35:42.208] [20:35:42.207] [DB-LOAD] Zone 091186e8-2ce9-f546-bf55-e9084850265e: Loaded MepElementLevelName='Level 0', MepElementLevelElevation=0.000000ft (0.0mm)

[2026-01-02 20:35:42.211] [20:35:42.211] [DB-LOAD] Zone ee69ca6f-52c2-6f16-eeb5-4979293fd1e6: Loaded MepElementLevelName='Level 0', MepElementLevelElevation=0.000000ft (0.0mm)

[2026-01-02 20:35:42.215] [20:35:42.215] [DB-LOAD] Zone 720e069c-a6a6-25fe-1056-445e5f0e7aac: Loaded MepElementLevelName='Level 0', MepElementLevelElevation=0.000000ft (0.0mm)

[2026-01-02 20:35:42.218] [20:35:42.218] [DB-LOAD] Zone e83315b6-5ebf-60fb-5a98-11b4612eb77f: Loaded MepElementLevelName='Level 0', MepElementLevelElevation=0.000000ft (0.0mm)

[2026-01-02 20:35:42.223] [20:35:42.222] [DB-LOAD] Zone a60cfb2c-6455-8967-4840-eaab7e13bdc5: Loaded MepElementLevelName='Level 0', MepElementLevelElevation=0.000000ft (0.0mm)

[2026-01-02 20:35:42.226] [20:35:42.225] [DB-LOAD] Zone 661b5e54-02f1-b59b-07f2-b22b7fbdb183: Loaded MepElementLevelName='Level 0', MepElementLevelElevation=0.000000ft (0.0mm)

[2026-01-02 20:35:42.230] [20:35:42.229] [DB-LOAD] Zone df7fc73d-898f-9c2d-29b7-0c673b9b8c64: Loaded MepElementLevelName='Level 0', MepElementLevelElevation=0.000000ft (0.0mm)

[2026-01-02 20:35:42.233] [20:35:42.232] [DB-LOAD] Zone 2031e5e3-284f-f716-e3f7-64ce8a6a00c9: Loaded MepElementLevelName='Level 0', MepElementLevelElevation=0.000000ft (0.0mm)

[2026-01-02 20:35:42.237] [20:35:42.236] [DB-LOAD] Zone 0d5bc810-bfb7-4bbb-2444-fa26b583ed82: Loaded MepElementLevelName='Level 0', MepElementLevelElevation=0.000000ft (0.0mm)

[2026-01-02 20:35:42.240] [20:35:42.239] [DB-LOAD] Zone c52f27f2-825a-cee3-ff19-44780ebac505: Loaded MepElementLevelName='Level 0', MepElementLevelElevation=0.000000ft (0.0mm)

[2026-01-02 20:35:42.244] [20:35:42.243] [DB-LOAD] Zone b375875a-240b-b59a-2b68-bbf300a9145d: Loaded MepElementLevelName='Level 0', MepElementLevelElevation=0.000000ft (0.0mm)

[2026-01-02 20:35:42.251] [20:35:42.249] [DB-LOAD] Zone e90a7cb6-bade-a0dc-0741-e6a350974656: Loaded MepElementLevelName='Level 0', MepElementLevelElevation=0.000000ft (0.0mm)

[2026-01-02 20:35:42.259] [20:35:42.257] [DB-LOAD] Zone 3f3107a3-1ff4-60f2-bebc-a52a386aa2e0: Loaded MepElementLevelName='Level 0', MepElementLevelElevation=0.000000ft (0.0mm)

[2026-01-02 20:35:42.263] [20:35:42.262] [DB-LOAD] Zone 3674d177-7325-2b17-7e42-c79460bffd18: Loaded MepElementLevelName='Level 0', MepElementLevelElevation=0.000000ft (0.0mm)

[2026-01-02 20:35:42.266] [20:35:42.265] [DB-LOAD] Zone db86329e-1010-2021-a4c3-2b9e3e98021a: Loaded MepElementLevelName='Level 0', MepElementLevelElevation=0.000000ft (0.0mm)

[2026-01-02 20:35:42.269] [20:35:42.268] [DB-LOAD] Zone 30808e2b-18c0-40db-60c3-4208b93ac49e: Loaded MepElementLevelName='Level 0', MepElementLevelElevation=0.000000ft (0.0mm)

[2026-01-02 20:35:42.272] [20:35:42.272] [DB-LOAD] Zone 6c8919ef-e5a7-bb03-804e-7efc809efd31: Loaded MepElementLevelName='Level 0', MepElementLevelElevation=0.000000ft (0.0mm)

[2026-01-02 20:35:42.276] [20:35:42.275] [DB-LOAD] Zone 23970e7f-c4be-e0c0-13ca-aa5427283ab4: Loaded MepElementLevelName='Level 0', MepElementLevelElevation=0.000000ft (0.0mm)

[20:35:42] [UpdateSleeveCoordinatesInXml] 🔍 Database query returned 23 zones for category 'Ducts'
[20:35:42] [UpdateSleeveCoordinatesInXml] ✅ DATABASE-ONLY: Loaded 23 clash zones from database for category 'Ducts' (all zones)
[20:35:42] [UpdateSleeveCoordinatesInXml] DEBUG: Zones with placement point: 23/23, Zones with SleeveInstanceId>0: 23/23, Zones with ClusterSleeveInstanceId>0: 0/23
[20:35:42] [UpdateSleeveCoordinatesInXml] SAMPLE: Zone f4ed0093-18c1-fe0c-b7e4-0dc9ce4e0a17, SPP=(49.517, 1.050, 7.946), SleeveId=1210632, ClusterId=-1
[20:35:42] [UpdateSleeveCoordinatesInXml] SAMPLE: Zone c2d60296-f2a7-fa6d-665e-941f035331b6, SPP=(5.526, 1.050, 4.921), SleeveId=1210534, ClusterId=-1
[20:35:42] [UpdateSleeveCoordinatesInXml] SAMPLE: Zone 9054642b-26fd-79c7-2d65-3ab037771243, SPP=(51.542, 1.050, 10.542), SleeveId=1210513, ClusterId=-1
[20:35:42] [UpdateSleeveCoordinatesInXml] Loaded 23 clash zones from database
[20:35:42] [UpdateSleeveCoordinatesInXml] 23 out of 23 clash zones have SleeveInstanceId > 0
[20:35:42] [UpdateSleeveCoordinatesInXml] Looking for sleeves with IDs: [1210632, 1210534, 1210513, 1210485, 1210583, 1210548, 1210520, 1210576, 1210618, 1210492...]
[20:35:42] [UPDATE_COORD_DEBUG] Looking for 23 sleeve IDs: [1210632, 1210534, 1210513, 1210485, 1210583, 1210548, 1210520, 1210576, 1210618, 1210492...]
[20:35:42] [UPDATE_COORD_DEBUG] Found 23 sleeves in Revit: [1210476, 1210485, 1210492, 1210499, 1210506, 1210513, 1210520, 1210527, 1210534, 1210541...]
[20:35:42] [UPDATE_COORD_DEBUG] Matching IDs: 23 out of 23
[20:35:42] [DIRECT-ID-MATCH] Found individual sleeve 1210632 by ID
[20:35:42] [BOUNDING_BOX_BEFORE_SET] ClashZone f4ed0093-18c1-fe0c-b7e4-0dc9ce4e0a17, Sleeve 1210632: BEFORE - ClashZone has: MinX=48.533113, MinY=0.721785, MinZ=7.453903, MaxX=50.501616, MaxY=1.377953, MaxZ=8.438155
[20:35:42] [BOUNDING_BOX_BEFORE_SET] Revit bbox from sleeve 1210632: Min=(48.533113, 0.721785, 7.453903), Max=(50.501616, 1.377953, 8.438155)
[20:35:42] [BOUNDING_BOX_AFTER_SET] ClashZone f4ed0093-18c1-fe0c-b7e4-0dc9ce4e0a17, Sleeve 1210632: AFTER - ClashZone now has: MinX=48.533113, MinY=0.721785, MinZ=7.453903, MaxX=50.501616, MaxY=1.377953, MaxZ=8.438155
[20:35:42] [UPDATED] Sleeve 1210632: Min=(48.533113, 0.721785, 7.453903), Max=(50.501616, 1.377953, 8.438155)
[20:35:42] [DIRECT-ID-MATCH] Found individual sleeve 1210534 by ID
[20:35:42] [BOUNDING_BOX_BEFORE_SET] ClashZone c2d60296-f2a7-fa6d-665e-941f035331b6, Sleeve 1210534: BEFORE - ClashZone has: MinX=4.541738, MinY=0.721785, MinZ=3.937008, MaxX=6.510242, MaxY=1.377953, MaxZ=5.905512
[20:35:42] [BOUNDING_BOX_BEFORE_SET] Revit bbox from sleeve 1210534: Min=(4.541738, 0.721785, 3.937008), Max=(6.510242, 1.377953, 5.905512)
[20:35:42] [BOUNDING_BOX_AFTER_SET] ClashZone c2d60296-f2a7-fa6d-665e-941f035331b6, Sleeve 1210534: AFTER - ClashZone now has: MinX=4.541738, MinY=0.721785, MinZ=3.937008, MaxX=6.510242, MaxY=1.377953, MaxZ=5.905512
[20:35:42] [UPDATED] Sleeve 1210534: Min=(4.541738, 0.721785, 3.937008), Max=(6.510242, 1.377953, 5.905512)
[20:35:42] [DIRECT-ID-MATCH] Found individual sleeve 1210513 by ID
[20:35:42] [BOUNDING_BOX_BEFORE_SET] ClashZone 9054642b-26fd-79c7-2d65-3ab037771243, Sleeve 1210513: BEFORE - ClashZone has: MinX=50.557446, MinY=0.721785, MinZ=9.886328, MaxX=52.525950, MaxY=1.377953, MaxZ=11.198664
[20:35:42] [BOUNDING_BOX_BEFORE_SET] Revit bbox from sleeve 1210513: Min=(50.557446, 0.721785, 9.886328), Max=(52.525950, 1.377953, 11.198664)
[20:35:42] [BOUNDING_BOX_AFTER_SET] ClashZone 9054642b-26fd-79c7-2d65-3ab037771243, Sleeve 1210513: AFTER - ClashZone now has: MinX=50.557446, MinY=0.721785, MinZ=9.886328, MaxX=52.525950, MaxY=1.377953, MaxZ=11.198664
[20:35:42] [UPDATED] Sleeve 1210513: Min=(50.557446, 0.721785, 9.886328), Max=(52.525950, 1.377953, 11.198664)
[20:35:42] [DIRECT-ID-MATCH] Found individual sleeve 1210485 by ID
[20:35:42] [BOUNDING_BOX_BEFORE_SET] ClashZone edfd5dca-bdac-8a33-7ce4-78d2ff0b0cb4, Sleeve 1210485: BEFORE - ClashZone has: MinX=34.678478, MinY=0.721785, MinZ=4.265092, MaxX=35.826772, MaxY=1.377953, MaxZ=5.413386
[20:35:42] [BOUNDING_BOX_BEFORE_SET] Revit bbox from sleeve 1210485: Min=(34.678478, 0.721785, 4.265092), Max=(35.826772, 1.377953, 5.413386)
[20:35:42] [BOUNDING_BOX_AFTER_SET] ClashZone edfd5dca-bdac-8a33-7ce4-78d2ff0b0cb4, Sleeve 1210485: AFTER - ClashZone now has: MinX=34.678478, MinY=0.721785, MinZ=4.265092, MaxX=35.826772, MaxY=1.377953, MaxZ=5.413386
[20:35:42] [UPDATED] Sleeve 1210485: Min=(34.678478, 0.721785, 4.265092), Max=(35.826772, 1.377953, 5.413386)
[20:35:42] [DIRECT-ID-MATCH] Found individual sleeve 1210583 by ID
[20:35:42] [BOUNDING_BOX_BEFORE_SET] ClashZone 049cd767-5dd6-cd86-93b1-07e9c5e91455, Sleeve 1210583: BEFORE - ClashZone has: MinX=22.251968, MinY=0.721785, MinZ=3.195847, MaxX=25.696850, MaxY=1.377953, MaxZ=5.164351
[20:35:42] [BOUNDING_BOX_BEFORE_SET] Revit bbox from sleeve 1210583: Min=(22.251968, 0.721785, 3.195847), Max=(25.696850, 1.377953, 5.164351)
[20:35:42] [BOUNDING_BOX_AFTER_SET] ClashZone 049cd767-5dd6-cd86-93b1-07e9c5e91455, Sleeve 1210583: AFTER - ClashZone now has: MinX=22.251968, MinY=0.721785, MinZ=3.195847, MaxX=25.696850, MaxY=1.377953, MaxZ=5.164351
[20:35:42] [UPDATED] Sleeve 1210583: Min=(22.251968, 0.721785, 3.195847), Max=(25.696850, 1.377953, 5.164351)
[20:35:42] [DIRECT-ID-MATCH] Found individual sleeve 1210548 by ID
[20:35:42] [BOUNDING_BOX_BEFORE_SET] ClashZone 091186e8-2ce9-f546-bf55-e9084850265e, Sleeve 1210548: BEFORE - ClashZone has: MinX=10.139094, MinY=0.721785, MinZ=1.457021, MaxX=12.107598, MaxY=1.377953, MaxZ=3.425525
[20:35:42] [BOUNDING_BOX_BEFORE_SET] Revit bbox from sleeve 1210548: Min=(10.139094, 0.721785, 1.457021), Max=(12.107598, 1.377953, 3.425525)
[20:35:42] [BOUNDING_BOX_AFTER_SET] ClashZone 091186e8-2ce9-f546-bf55-e9084850265e, Sleeve 1210548: AFTER - ClashZone now has: MinX=10.139094, MinY=0.721785, MinZ=1.457021, MaxX=12.107598, MaxY=1.377953, MaxZ=3.425525
[20:35:42] [UPDATED] Sleeve 1210548: Min=(10.139094, 0.721785, 1.457021), Max=(12.107598, 1.377953, 3.425525)
[20:35:42] [DIRECT-ID-MATCH] Found individual sleeve 1210520 by ID
[20:35:42] [BOUNDING_BOX_BEFORE_SET] ClashZone ee69ca6f-52c2-6f16-eeb5-4979293fd1e6, Sleeve 1210520: BEFORE - ClashZone has: MinX=52.725465, MinY=0.721785, MinZ=4.551739, MaxX=54.693969, MaxY=1.377953, MaxZ=5.864075
[20:35:42] [BOUNDING_BOX_BEFORE_SET] Revit bbox from sleeve 1210520: Min=(52.725465, 0.721785, 4.551739), Max=(54.693969, 1.377953, 5.864075)
[20:35:42] [BOUNDING_BOX_AFTER_SET] ClashZone ee69ca6f-52c2-6f16-eeb5-4979293fd1e6, Sleeve 1210520: AFTER - ClashZone now has: MinX=52.725465, MinY=0.721785, MinZ=4.551739, MaxX=54.693969, MaxY=1.377953, MaxZ=5.864075
[20:35:42] [UPDATED] Sleeve 1210520: Min=(52.725465, 0.721785, 4.551739), Max=(54.693969, 1.377953, 5.864075)
[20:35:42] [DIRECT-ID-MATCH] Found individual sleeve 1210576 by ID
[20:35:42] [BOUNDING_BOX_BEFORE_SET] ClashZone 720e069c-a6a6-25fe-1056-445e5f0e7aac, Sleeve 1210576: BEFORE - ClashZone has: MinX=24.518091, MinY=0.721785, MinZ=9.830497, MaxX=26.322552, MaxY=1.377953, MaxZ=10.814749
[20:35:42] [BOUNDING_BOX_BEFORE_SET] Revit bbox from sleeve 1210576: Min=(24.518091, 0.721785, 9.830497), Max=(26.322552, 1.377953, 10.814749)
[20:35:42] [BOUNDING_BOX_AFTER_SET] ClashZone 720e069c-a6a6-25fe-1056-445e5f0e7aac, Sleeve 1210576: AFTER - ClashZone now has: MinX=24.518091, MinY=0.721785, MinZ=9.830497, MaxX=26.322552, MaxY=1.377953, MaxZ=10.814749
[20:35:42] [UPDATED] Sleeve 1210576: Min=(24.518091, 0.721785, 9.830497), Max=(26.322552, 1.377953, 10.814749)
[20:35:42] [DIRECT-ID-MATCH] Found individual sleeve 1210618 by ID
[20:35:42] [BOUNDING_BOX_BEFORE_SET] ClashZone e83315b6-5ebf-60fb-5a98-11b4612eb77f, Sleeve 1210618: BEFORE - ClashZone has: MinX=5.929444, MinY=0.721785, MinZ=7.437472, MaxX=7.897948, MaxY=1.377953, MaxZ=9.405976
[20:35:42] [BOUNDING_BOX_BEFORE_SET] Revit bbox from sleeve 1210618: Min=(5.929444, 0.721785, 7.437472), Max=(7.897948, 1.377953, 9.405976)
[20:35:42] [BOUNDING_BOX_AFTER_SET] ClashZone e83315b6-5ebf-60fb-5a98-11b4612eb77f, Sleeve 1210618: AFTER - ClashZone now has: MinX=5.929444, MinY=0.721785, MinZ=7.437472, MaxX=7.897948, MaxY=1.377953, MaxZ=9.405976
[20:35:42] [UPDATED] Sleeve 1210618: Min=(5.929444, 0.721785, 7.437472), Max=(7.897948, 1.377953, 9.405976)
[20:35:42] [DIRECT-ID-MATCH] Found individual sleeve 1210492 by ID
[20:35:42] [BOUNDING_BOX_BEFORE_SET] ClashZone a60cfb2c-6455-8967-4840-eaab7e13bdc5, Sleeve 1210492: BEFORE - ClashZone has: MinX=34.678478, MinY=0.721785, MinZ=9.842520, MaxX=35.826772, MaxY=1.377953, MaxZ=10.990814
[20:35:42] [BOUNDING_BOX_BEFORE_SET] Revit bbox from sleeve 1210492: Min=(34.678478, 0.721785, 9.842520), Max=(35.826772, 1.377953, 10.990814)
[20:35:42] [BOUNDING_BOX_AFTER_SET] ClashZone a60cfb2c-6455-8967-4840-eaab7e13bdc5, Sleeve 1210492: AFTER - ClashZone now has: MinX=34.678478, MinY=0.721785, MinZ=9.842520, MaxX=35.826772, MaxY=1.377953, MaxZ=10.990814
[20:35:42] [UPDATED] Sleeve 1210492: Min=(34.678478, 0.721785, 9.842520), Max=(35.826772, 1.377953, 10.990814)
[20:35:42] [DIRECT-ID-MATCH] Found individual sleeve 1210541 by ID
[20:35:42] [BOUNDING_BOX_BEFORE_SET] ClashZone 661b5e54-02f1-b59b-07f2-b22b7fbdb183, Sleeve 1210541: BEFORE - ClashZone has: MinX=2.198163, MinY=0.721785, MinZ=1.230315, MaxX=4.166667, MaxY=1.377953, MaxZ=3.198819
[20:35:42] [BOUNDING_BOX_BEFORE_SET] Revit bbox from sleeve 1210541: Min=(2.198163, 0.721785, 1.230315), Max=(4.166667, 1.377953, 3.198819)
[20:35:42] [BOUNDING_BOX_AFTER_SET] ClashZone 661b5e54-02f1-b59b-07f2-b22b7fbdb183, Sleeve 1210541: AFTER - ClashZone now has: MinX=2.198163, MinY=0.721785, MinZ=1.230315, MaxX=4.166667, MaxY=1.377953, MaxZ=3.198819
[20:35:42] [UPDATED] Sleeve 1210541: Min=(2.198163, 0.721785, 1.230315), Max=(4.166667, 1.377953, 3.198819)
[20:35:42] [DIRECT-ID-MATCH] Found individual sleeve 1210569 by ID
[20:35:42] [BOUNDING_BOX_BEFORE_SET] ClashZone df7fc73d-898f-9c2d-29b7-0c673b9b8c64, Sleeve 1210569: BEFORE - ClashZone has: MinX=48.727554, MinY=0.721785, MinZ=10.070086, MaxX=50.696058, MaxY=1.377953, MaxZ=11.054338
[20:35:42] [BOUNDING_BOX_BEFORE_SET] Revit bbox from sleeve 1210569: Min=(48.727554, 0.721785, 10.070086), Max=(50.696058, 1.377953, 11.054338)
[20:35:42] [BOUNDING_BOX_AFTER_SET] ClashZone df7fc73d-898f-9c2d-29b7-0c673b9b8c64, Sleeve 1210569: AFTER - ClashZone now has: MinX=48.727554, MinY=0.721785, MinZ=10.070086, MaxX=50.696058, MaxY=1.377953, MaxZ=11.054338
[20:35:42] [UPDATED] Sleeve 1210569: Min=(48.727554, 0.721785, 10.070086), Max=(50.696058, 1.377953, 11.054338)
[20:35:42] [DIRECT-ID-MATCH] Found individual sleeve 1210590 by ID
[20:35:42] [BOUNDING_BOX_BEFORE_SET] ClashZone 2031e5e3-284f-f716-e3f7-64ce8a6a00c9, Sleeve 1210590: BEFORE - ClashZone has: MinX=28.517772, MinY=0.721785, MinZ=3.232550, MaxX=31.962654, MaxY=1.377953, MaxZ=5.201054
[20:35:42] [BOUNDING_BOX_BEFORE_SET] Revit bbox from sleeve 1210590: Min=(28.517772, 0.721785, 3.232550), Max=(31.962654, 1.377953, 5.201054)
[20:35:42] [BOUNDING_BOX_AFTER_SET] ClashZone 2031e5e3-284f-f716-e3f7-64ce8a6a00c9, Sleeve 1210590: AFTER - ClashZone now has: MinX=28.517772, MinY=0.721785, MinZ=3.232550, MaxX=31.962654, MaxY=1.377953, MaxZ=5.201054
[20:35:42] [UPDATED] Sleeve 1210590: Min=(28.517772, 0.721785, 3.232550), Max=(31.962654, 1.377953, 5.201054)
[20:35:42] [DIRECT-ID-MATCH] Found individual sleeve 1210506 by ID
[20:35:42] [BOUNDING_BOX_BEFORE_SET] ClashZone 0d5bc810-bfb7-4bbb-2444-fa26b583ed82, Sleeve 1210506: BEFORE - ClashZone has: MinX=15.567585, MinY=0.721785, MinZ=3.526903, MaxX=17.536089, MaxY=1.377953, MaxZ=5.495407
[20:35:42] [BOUNDING_BOX_BEFORE_SET] Revit bbox from sleeve 1210506: Min=(15.567585, 0.721785, 3.526903), Max=(17.536089, 1.377953, 5.495407)
[20:35:42] [BOUNDING_BOX_AFTER_SET] ClashZone 0d5bc810-bfb7-4bbb-2444-fa26b583ed82, Sleeve 1210506: AFTER - ClashZone now has: MinX=15.567585, MinY=0.721785, MinZ=3.526903, MaxX=17.536089, MaxY=1.377953, MaxZ=5.495407
[20:35:42] [UPDATED] Sleeve 1210506: Min=(15.567585, 0.721785, 3.526903), Max=(17.536089, 1.377953, 5.495407)
[20:35:42] [DIRECT-ID-MATCH] Found individual sleeve 1210625 by ID
[20:35:42] [BOUNDING_BOX_BEFORE_SET] ClashZone c52f27f2-825a-cee3-ff19-44780ebac505, Sleeve 1210625: BEFORE - ClashZone has: MinX=50.363004, MinY=0.721785, MinZ=7.270146, MaxX=52.331508, MaxY=1.377953, MaxZ=8.582482
[20:35:42] [BOUNDING_BOX_BEFORE_SET] Revit bbox from sleeve 1210625: Min=(50.363004, 0.721785, 7.270146), Max=(52.331508, 1.377953, 8.582482)
[20:35:42] [BOUNDING_BOX_AFTER_SET] ClashZone c52f27f2-825a-cee3-ff19-44780ebac505, Sleeve 1210625: AFTER - ClashZone now has: MinX=50.363004, MinY=0.721785, MinZ=7.270146, MaxX=52.331508, MaxY=1.377953, MaxZ=8.582482
[20:35:42] [UPDATED] Sleeve 1210625: Min=(50.363004, 0.721785, 7.270146), Max=(52.331508, 1.377953, 8.582482)
[20:35:42] [DIRECT-ID-MATCH] Found individual sleeve 1210527 by ID
[20:35:42] [BOUNDING_BOX_BEFORE_SET] ClashZone b375875a-240b-b59a-2b68-bbf300a9145d, Sleeve 1210527: BEFORE - ClashZone has: MinX=8.004909, MinY=0.721785, MinZ=1.456942, MaxX=9.973413, MaxY=1.377953, MaxZ=3.425446
[20:35:42] [BOUNDING_BOX_BEFORE_SET] Revit bbox from sleeve 1210527: Min=(8.004909, 0.721785, 1.456942), Max=(9.973413, 1.377953, 3.425446)
[20:35:42] [BOUNDING_BOX_AFTER_SET] ClashZone b375875a-240b-b59a-2b68-bbf300a9145d, Sleeve 1210527: AFTER - ClashZone now has: MinX=8.004909, MinY=0.721785, MinZ=1.456942, MaxX=9.973413, MaxY=1.377953, MaxZ=3.425446
[20:35:42] [UPDATED] Sleeve 1210527: Min=(8.004909, 0.721785, 1.456942), Max=(9.973413, 1.377953, 3.425446)
[20:35:42] [DIRECT-ID-MATCH] Found individual sleeve 1210476 by ID
[20:35:42] [BOUNDING_BOX_BEFORE_SET] ClashZone e90a7cb6-bade-a0dc-0741-e6a350974656, Sleeve 1210476: BEFORE - ClashZone has: MinX=23.602465, MinY=0.721785, MinZ=9.842520, MaxX=24.750759, MaxY=1.377953, MaxZ=10.990814
[20:35:42] [BOUNDING_BOX_BEFORE_SET] Revit bbox from sleeve 1210476: Min=(23.602465, 0.721785, 9.842520), Max=(24.750759, 1.377953, 10.990814)
[20:35:42] [BOUNDING_BOX_AFTER_SET] ClashZone e90a7cb6-bade-a0dc-0741-e6a350974656, Sleeve 1210476: AFTER - ClashZone now has: MinX=23.602465, MinY=0.721785, MinZ=9.842520, MaxX=24.750759, MaxY=1.377953, MaxZ=10.990814
[20:35:42] [UPDATED] Sleeve 1210476: Min=(23.602465, 0.721785, 9.842520), Max=(24.750759, 1.377953, 10.990814)
[20:35:42] [DIRECT-ID-MATCH] Found individual sleeve 1210555 by ID
[20:35:42] [BOUNDING_BOX_BEFORE_SET] ClashZone 3f3107a3-1ff4-60f2-bebc-a52a386aa2e0, Sleeve 1210555: BEFORE - ClashZone has: MinX=12.188320, MinY=0.721785, MinZ=1.457021, MaxX=14.156824, MaxY=1.377953, MaxZ=3.425525
[20:35:42] [BOUNDING_BOX_BEFORE_SET] Revit bbox from sleeve 1210555: Min=(12.188320, 0.721785, 1.457021), Max=(14.156824, 1.377953, 3.425525)
[20:35:42] [BOUNDING_BOX_AFTER_SET] ClashZone 3f3107a3-1ff4-60f2-bebc-a52a386aa2e0, Sleeve 1210555: AFTER - ClashZone now has: MinX=12.188320, MinY=0.721785, MinZ=1.457021, MaxX=14.156824, MaxY=1.377953, MaxZ=3.425525
[20:35:42] [UPDATED] Sleeve 1210555: Min=(12.188320, 0.721785, 1.457021), Max=(14.156824, 1.377953, 3.425525)
[20:35:42] [DIRECT-ID-MATCH] Found individual sleeve 1210611 by ID
[20:35:42] [BOUNDING_BOX_BEFORE_SET] ClashZone 3674d177-7325-2b17-7e42-c79460bffd18, Sleeve 1210611: BEFORE - ClashZone has: MinX=-0.180446, MinY=4.659791, MinZ=6.191929, MaxX=2.280184, MaxY=5.315959, MaxZ=7.504265
[20:35:42] [BOUNDING_BOX_BEFORE_SET] Revit bbox from sleeve 1210611: Min=(0.721785, 3.757560, 6.191929), Max=(1.377953, 6.218190, 7.504265)
[20:35:42] [BOUNDING_BOX_AFTER_SET] ClashZone 3674d177-7325-2b17-7e42-c79460bffd18, Sleeve 1210611: AFTER - ClashZone now has: MinX=0.721785, MinY=3.757560, MinZ=6.191929, MaxX=1.377953, MaxY=6.218190, MaxZ=7.504265
[20:35:42] [UPDATED] Sleeve 1210611: Min=(0.721785, 3.757560, 6.191929), Max=(1.377953, 6.218190, 7.504265)
[20:35:42] [DIRECT-ID-MATCH] Found individual sleeve 1210499 by ID
[20:35:42] [BOUNDING_BOX_BEFORE_SET] ClashZone db86329e-1010-2021-a4c3-2b9e3e98021a, Sleeve 1210499: BEFORE - ClashZone has: MinX=0.065617, MinY=9.909135, MinZ=9.809711, MaxX=2.034121, MaxY=10.565303, MaxZ=11.122047
[20:35:42] [BOUNDING_BOX_BEFORE_SET] Revit bbox from sleeve 1210499: Min=(0.721785, 9.252967, 9.809711), Max=(1.377953, 11.221471, 11.122047)
[20:35:42] [BOUNDING_BOX_AFTER_SET] ClashZone db86329e-1010-2021-a4c3-2b9e3e98021a, Sleeve 1210499: AFTER - ClashZone now has: MinX=0.721785, MinY=9.252967, MinZ=9.809711, MaxX=1.377953, MaxY=11.221471, MaxZ=11.122047
[20:35:42] [UPDATED] Sleeve 1210499: Min=(0.721785, 9.252967, 9.809711), Max=(1.377953, 11.221471, 11.122047)
[20:35:42] [DIRECT-ID-MATCH] Found individual sleeve 1210562 by ID
[20:35:42] [BOUNDING_BOX_BEFORE_SET] ClashZone 30808e2b-18c0-40db-60c3-4208b93ac49e, Sleeve 1210562: BEFORE - ClashZone has: MinX=47.951038, MinY=0.721785, MinZ=4.715667, MaxX=49.919542, MaxY=1.377953, MaxZ=5.699919
[20:35:42] [BOUNDING_BOX_BEFORE_SET] Revit bbox from sleeve 1210562: Min=(47.951038, 0.721785, 4.715667), Max=(49.919542, 1.377953, 5.699919)
[20:35:42] [BOUNDING_BOX_AFTER_SET] ClashZone 30808e2b-18c0-40db-60c3-4208b93ac49e, Sleeve 1210562: AFTER - ClashZone now has: MinX=47.951038, MinY=0.721785, MinZ=4.715667, MaxX=49.919542, MaxY=1.377953, MaxZ=5.699919
[20:35:42] [UPDATED] Sleeve 1210562: Min=(47.951038, 0.721785, 4.715667), Max=(49.919542, 1.377953, 5.699919)
[20:35:42] [DIRECT-ID-MATCH] Found individual sleeve 1210597 by ID
[20:35:42] [BOUNDING_BOX_BEFORE_SET] ClashZone 6c8919ef-e5a7-bb03-804e-7efc809efd31, Sleeve 1210597: BEFORE - ClashZone has: MinX=49.642761, MinY=0.721785, MinZ=4.263078, MaxX=52.923601, MaxY=1.377953, MaxZ=6.067540
[20:35:42] [BOUNDING_BOX_BEFORE_SET] Revit bbox from sleeve 1210597: Min=(49.642761, 0.721785, 4.263078), Max=(52.923601, 1.377953, 6.067540)
[20:35:42] [BOUNDING_BOX_AFTER_SET] ClashZone 6c8919ef-e5a7-bb03-804e-7efc809efd31, Sleeve 1210597: AFTER - ClashZone now has: MinX=49.642761, MinY=0.721785, MinZ=4.263078, MaxX=52.923601, MaxY=1.377953, MaxZ=6.067540
[20:35:42] [UPDATED] Sleeve 1210597: Min=(49.642761, 0.721785, 4.263078), Max=(52.923601, 1.377953, 6.067540)
[20:35:42] [DIRECT-ID-MATCH] Found individual sleeve 1210604 by ID
[20:35:42] [BOUNDING_BOX_BEFORE_SET] ClashZone 23970e7f-c4be-e0c0-13ca-aa5427283ab4, Sleeve 1210604: BEFORE - ClashZone has: MinX=-0.508530, MinY=10.237219, MinZ=7.545932, MaxX=2.608268, MaxY=10.893387, MaxZ=9.186352
[20:35:42] [BOUNDING_BOX_BEFORE_SET] Revit bbox from sleeve 1210604: Min=(0.721785, 9.006904, 7.545932), Max=(1.377953, 12.123702, 9.186352)
[20:35:42] [BOUNDING_BOX_AFTER_SET] ClashZone 23970e7f-c4be-e0c0-13ca-aa5427283ab4, Sleeve 1210604: AFTER - ClashZone now has: MinX=0.721785, MinY=9.006904, MinZ=7.545932, MaxX=1.377953, MaxY=12.123702, MaxZ=9.186352
[20:35:42] [UPDATED] Sleeve 1210604: Min=(0.721785, 9.006904, 7.545932), Max=(1.377953, 12.123702, 9.186352)
[20:35:42] [UpdateSleeveCoordinatesInXml] After UpdateSleeveCoordinates: 23 out of 23 clash zones with SleeveInstanceId now have bounding boxes
[20:35:42] [UpdateSleeveCoordinatesInXml] ✅ DATABASE: Updated SleeveInstanceId for 23 zones, bounding boxes for 23 zones, cluster bounding boxes for 0 zones
[20:35:42] [UpdateSleeveCoordinatesInXml] ✅ DATABASE-ONLY: All coordinates saved to database (XML obsolete)
[20:35:42] [UpdateSleeveCoordinatesInXml] COMPLETED - Updated coordinates for 23 sleeves
[2026-01-02 20:35:42.411] [20:35:42.410] [DB-LOAD] Zone f4ed0093-18c1-fe0c-b7e4-0dc9ce4e0a17: Loaded MepElementLevelName='Level 0', MepElementLevelElevation=0.000000ft (0.0mm)

[2026-01-02 20:35:42.422] [20:35:42.421] [DB-LOAD] Zone c2d60296-f2a7-fa6d-665e-941f035331b6: Loaded MepElementLevelName='Level 0', MepElementLevelElevation=0.000000ft (0.0mm)

[2026-01-02 20:35:42.425] [20:35:42.425] [DB-LOAD] Zone 9054642b-26fd-79c7-2d65-3ab037771243: Loaded MepElementLevelName='Level 0', MepElementLevelElevation=0.000000ft (0.0mm)

[2026-01-02 20:35:42.429] [20:35:42.428] [DB-LOAD] Zone edfd5dca-bdac-8a33-7ce4-78d2ff0b0cb4: Loaded MepElementLevelName='Level 0', MepElementLevelElevation=0.000000ft (0.0mm)

[2026-01-02 20:35:42.432] [20:35:42.431] [DB-LOAD] Zone 049cd767-5dd6-cd86-93b1-07e9c5e91455: Loaded MepElementLevelName='Level 0', MepElementLevelElevation=0.000000ft (0.0mm)

[2026-01-02 20:35:42.435] [20:35:42.435] [DB-LOAD] Zone 091186e8-2ce9-f546-bf55-e9084850265e: Loaded MepElementLevelName='Level 0', MepElementLevelElevation=0.000000ft (0.0mm)

[2026-01-02 20:35:42.439] [20:35:42.438] [DB-LOAD] Zone ee69ca6f-52c2-6f16-eeb5-4979293fd1e6: Loaded MepElementLevelName='Level 0', MepElementLevelElevation=0.000000ft (0.0mm)

[2026-01-02 20:35:42.442] [20:35:42.442] [DB-LOAD] Zone 720e069c-a6a6-25fe-1056-445e5f0e7aac: Loaded MepElementLevelName='Level 0', MepElementLevelElevation=0.000000ft (0.0mm)

[2026-01-02 20:35:42.446] [20:35:42.445] [DB-LOAD] Zone e83315b6-5ebf-60fb-5a98-11b4612eb77f: Loaded MepElementLevelName='Level 0', MepElementLevelElevation=0.000000ft (0.0mm)

[2026-01-02 20:35:42.449] [20:35:42.448] [DB-LOAD] Zone a60cfb2c-6455-8967-4840-eaab7e13bdc5: Loaded MepElementLevelName='Level 0', MepElementLevelElevation=0.000000ft (0.0mm)

[2026-01-02 20:35:42.452] [20:35:42.452] [DB-LOAD] Zone 661b5e54-02f1-b59b-07f2-b22b7fbdb183: Loaded MepElementLevelName='Level 0', MepElementLevelElevation=0.000000ft (0.0mm)

[2026-01-02 20:35:42.455] [20:35:42.455] [DB-LOAD] Zone df7fc73d-898f-9c2d-29b7-0c673b9b8c64: Loaded MepElementLevelName='Level 0', MepElementLevelElevation=0.000000ft (0.0mm)

[2026-01-02 20:35:42.459] [20:35:42.458] [DB-LOAD] Zone 2031e5e3-284f-f716-e3f7-64ce8a6a00c9: Loaded MepElementLevelName='Level 0', MepElementLevelElevation=0.000000ft (0.0mm)

[2026-01-02 20:35:42.463] [20:35:42.462] [DB-LOAD] Zone 0d5bc810-bfb7-4bbb-2444-fa26b583ed82: Loaded MepElementLevelName='Level 0', MepElementLevelElevation=0.000000ft (0.0mm)

[2026-01-02 20:35:42.466] [20:35:42.466] [DB-LOAD] Zone c52f27f2-825a-cee3-ff19-44780ebac505: Loaded MepElementLevelName='Level 0', MepElementLevelElevation=0.000000ft (0.0mm)

[2026-01-02 20:35:42.470] [20:35:42.469] [DB-LOAD] Zone b375875a-240b-b59a-2b68-bbf300a9145d: Loaded MepElementLevelName='Level 0', MepElementLevelElevation=0.000000ft (0.0mm)

[2026-01-02 20:35:42.473] [20:35:42.473] [DB-LOAD] Zone e90a7cb6-bade-a0dc-0741-e6a350974656: Loaded MepElementLevelName='Level 0', MepElementLevelElevation=0.000000ft (0.0mm)

[2026-01-02 20:35:42.477] [20:35:42.475] [DB-LOAD] Zone 3f3107a3-1ff4-60f2-bebc-a52a386aa2e0: Loaded MepElementLevelName='Level 0', MepElementLevelElevation=0.000000ft (0.0mm)

[2026-01-02 20:35:42.480] [20:35:42.479] [DB-LOAD] Zone 3674d177-7325-2b17-7e42-c79460bffd18: Loaded MepElementLevelName='Level 0', MepElementLevelElevation=0.000000ft (0.0mm)

[2026-01-02 20:35:42.483] [20:35:42.483] [DB-LOAD] Zone db86329e-1010-2021-a4c3-2b9e3e98021a: Loaded MepElementLevelName='Level 0', MepElementLevelElevation=0.000000ft (0.0mm)

[2026-01-02 20:35:42.487] [20:35:42.486] [DB-LOAD] Zone 30808e2b-18c0-40db-60c3-4208b93ac49e: Loaded MepElementLevelName='Level 0', MepElementLevelElevation=0.000000ft (0.0mm)

[2026-01-02 20:35:42.490] [20:35:42.489] [DB-LOAD] Zone 6c8919ef-e5a7-bb03-804e-7efc809efd31: Loaded MepElementLevelName='Level 0', MepElementLevelElevation=0.000000ft (0.0mm)

[2026-01-02 20:35:42.494] [20:35:42.493] [DB-LOAD] Zone 23970e7f-c4be-e0c0-13ca-aa5427283ab4: Loaded MepElementLevelName='Level 0', MepElementLevelElevation=0.000000ft (0.0mm)

[2026-01-02 20:35:42.731] [20:35:42.730] [DB-LOAD] Zone f4ed0093-18c1-fe0c-b7e4-0dc9ce4e0a17: Loaded MepElementLevelName='Level 0', MepElementLevelElevation=0.000000ft (0.0mm)

[2026-01-02 20:35:42.735] [20:35:42.734] [DB-LOAD] Zone c2d60296-f2a7-fa6d-665e-941f035331b6: Loaded MepElementLevelName='Level 0', MepElementLevelElevation=0.000000ft (0.0mm)

[2026-01-02 20:35:42.739] [20:35:42.738] [DB-LOAD] Zone 9054642b-26fd-79c7-2d65-3ab037771243: Loaded MepElementLevelName='Level 0', MepElementLevelElevation=0.000000ft (0.0mm)

[2026-01-02 20:35:42.742] [20:35:42.741] [DB-LOAD] Zone edfd5dca-bdac-8a33-7ce4-78d2ff0b0cb4: Loaded MepElementLevelName='Level 0', MepElementLevelElevation=0.000000ft (0.0mm)

[2026-01-02 20:35:42.746] [20:35:42.745] [DB-LOAD] Zone 049cd767-5dd6-cd86-93b1-07e9c5e91455: Loaded MepElementLevelName='Level 0', MepElementLevelElevation=0.000000ft (0.0mm)

[2026-01-02 20:35:42.748] [20:35:42.748] [DB-LOAD] Zone 091186e8-2ce9-f546-bf55-e9084850265e: Loaded MepElementLevelName='Level 0', MepElementLevelElevation=0.000000ft (0.0mm)

[2026-01-02 20:35:42.752] [20:35:42.751] [DB-LOAD] Zone ee69ca6f-52c2-6f16-eeb5-4979293fd1e6: Loaded MepElementLevelName='Level 0', MepElementLevelElevation=0.000000ft (0.0mm)

[2026-01-02 20:35:42.755] [20:35:42.754] [DB-LOAD] Zone 720e069c-a6a6-25fe-1056-445e5f0e7aac: Loaded MepElementLevelName='Level 0', MepElementLevelElevation=0.000000ft (0.0mm)

[2026-01-02 20:35:42.759] [20:35:42.758] [DB-LOAD] Zone e83315b6-5ebf-60fb-5a98-11b4612eb77f: Loaded MepElementLevelName='Level 0', MepElementLevelElevation=0.000000ft (0.0mm)

[2026-01-02 20:35:42.762] [20:35:42.762] [DB-LOAD] Zone a60cfb2c-6455-8967-4840-eaab7e13bdc5: Loaded MepElementLevelName='Level 0', MepElementLevelElevation=0.000000ft (0.0mm)

[2026-01-02 20:35:42.766] [20:35:42.765] [DB-LOAD] Zone 661b5e54-02f1-b59b-07f2-b22b7fbdb183: Loaded MepElementLevelName='Level 0', MepElementLevelElevation=0.000000ft (0.0mm)

[2026-01-02 20:35:42.777] [20:35:42.776] [DB-LOAD] Zone df7fc73d-898f-9c2d-29b7-0c673b9b8c64: Loaded MepElementLevelName='Level 0', MepElementLevelElevation=0.000000ft (0.0mm)

[2026-01-02 20:35:42.780] [20:35:42.780] [DB-LOAD] Zone 2031e5e3-284f-f716-e3f7-64ce8a6a00c9: Loaded MepElementLevelName='Level 0', MepElementLevelElevation=0.000000ft (0.0mm)

[2026-01-02 20:35:42.784] [20:35:42.783] [DB-LOAD] Zone 0d5bc810-bfb7-4bbb-2444-fa26b583ed82: Loaded MepElementLevelName='Level 0', MepElementLevelElevation=0.000000ft (0.0mm)

[2026-01-02 20:35:42.788] [20:35:42.787] [DB-LOAD] Zone c52f27f2-825a-cee3-ff19-44780ebac505: Loaded MepElementLevelName='Level 0', MepElementLevelElevation=0.000000ft (0.0mm)

[2026-01-02 20:35:42.791] [20:35:42.790] [DB-LOAD] Zone b375875a-240b-b59a-2b68-bbf300a9145d: Loaded MepElementLevelName='Level 0', MepElementLevelElevation=0.000000ft (0.0mm)

[2026-01-02 20:35:42.794] [20:35:42.794] [DB-LOAD] Zone e90a7cb6-bade-a0dc-0741-e6a350974656: Loaded MepElementLevelName='Level 0', MepElementLevelElevation=0.000000ft (0.0mm)

[2026-01-02 20:35:42.797] [20:35:42.797] [DB-LOAD] Zone 3f3107a3-1ff4-60f2-bebc-a52a386aa2e0: Loaded MepElementLevelName='Level 0', MepElementLevelElevation=0.000000ft (0.0mm)

[2026-01-02 20:35:42.801] [20:35:42.800] [DB-LOAD] Zone 3674d177-7325-2b17-7e42-c79460bffd18: Loaded MepElementLevelName='Level 0', MepElementLevelElevation=0.000000ft (0.0mm)

[2026-01-02 20:35:42.805] [20:35:42.804] [DB-LOAD] Zone db86329e-1010-2021-a4c3-2b9e3e98021a: Loaded MepElementLevelName='Level 0', MepElementLevelElevation=0.000000ft (0.0mm)

[2026-01-02 20:35:42.808] [20:35:42.807] [DB-LOAD] Zone 30808e2b-18c0-40db-60c3-4208b93ac49e: Loaded MepElementLevelName='Level 0', MepElementLevelElevation=0.000000ft (0.0mm)

[2026-01-02 20:35:42.812] [20:35:42.811] [DB-LOAD] Zone 6c8919ef-e5a7-bb03-804e-7efc809efd31: Loaded MepElementLevelName='Level 0', MepElementLevelElevation=0.000000ft (0.0mm)

[2026-01-02 20:35:42.815] [20:35:42.814] [DB-LOAD] Zone 23970e7f-c4be-e0c0-13ca-aa5427283ab4: Loaded MepElementLevelName='Level 0', MepElementLevelElevation=0.000000ft (0.0mm)

[2026-01-02 20:35:44.021] [20:35:44.020] [SleeveParameterService] [CLUSTER-SCHEDULE-LEVEL] ✅ Set Schedule Level to 'Level 0' on cluster sleeve 1210656. Elevation from Level will be automatically calculated by Revit.

[2026-01-02 20:35:44.049] [20:35:44][FlagManager] [INFO] | correlationId=6032b00f 📝 BATCH: Flagging 1 clash zones as placed (Resetting IsCurrentClash)

[2026-01-02 20:35:44.052] [20:35:44][FlagManager] [INFO] | correlationId=6032b00f ✅ BATCH: Updated flags for 1 clash zones

[2026-01-02 20:35:44.066] [20:35:44][FlagManager] [INFO] | correlationId=6032b00f 📝 BATCH: Flagging 1 clash zones as placed (Resetting IsCurrentClash)

[2026-01-02 20:35:44.068] [20:35:44][FlagManager] [INFO] | correlationId=6032b00f ✅ BATCH: Updated flags for 1 clash zones

[2026-01-02 20:35:44.217] [20:35:44.216] [SleeveParameterService] [CLUSTER-SCHEDULE-LEVEL] ✅ Set Schedule Level to 'Level 0' on cluster sleeve 1210665. Elevation from Level will be automatically calculated by Revit.

[2026-01-02 20:35:44.236] [20:35:44][FlagManager] [INFO] | correlationId=6032b00f 📝 BATCH: Flagging 1 clash zones as placed (Resetting IsCurrentClash)

[2026-01-02 20:35:44.239] [20:35:44][FlagManager] [INFO] | correlationId=6032b00f ✅ BATCH: Updated flags for 1 clash zones

[2026-01-02 20:35:44.252] [20:35:44][FlagManager] [INFO] | correlationId=6032b00f 📝 BATCH: Flagging 1 clash zones as placed (Resetting IsCurrentClash)

[2026-01-02 20:35:44.254] [20:35:44][FlagManager] [INFO] | correlationId=6032b00f ✅ BATCH: Updated flags for 1 clash zones

[2026-01-02 20:35:44.376] [20:35:44.375] [SleeveParameterService] [CLUSTER-SCHEDULE-LEVEL] ✅ Set Schedule Level to 'Level 0' on cluster sleeve 1210672. Elevation from Level will be automatically calculated by Revit.

[2026-01-02 20:35:44.395] [20:35:44][FlagManager] [INFO] | correlationId=6032b00f 📝 BATCH: Flagging 1 clash zones as placed (Resetting IsCurrentClash)

[2026-01-02 20:35:44.397] [20:35:44][FlagManager] [INFO] | correlationId=6032b00f ✅ BATCH: Updated flags for 1 clash zones

[2026-01-02 20:35:44.410] [20:35:44][FlagManager] [INFO] | correlationId=6032b00f 📝 BATCH: Flagging 1 clash zones as placed (Resetting IsCurrentClash)

[2026-01-02 20:35:44.412] [20:35:44][FlagManager] [INFO] | correlationId=6032b00f ✅ BATCH: Updated flags for 1 clash zones

[2026-01-02 20:35:44.426] [20:35:44][FlagManager] [INFO] | correlationId=6032b00f 📝 BATCH: Flagging 1 clash zones as placed (Resetting IsCurrentClash)

[2026-01-02 20:35:44.428] [20:35:44][FlagManager] [INFO] | correlationId=6032b00f ✅ BATCH: Updated flags for 1 clash zones

[2026-01-02 20:35:44.554] [20:35:44.554] [SleeveParameterService] [CLUSTER-SCHEDULE-LEVEL] ✅ Set Schedule Level to 'Level 0' on cluster sleeve 1210679. Elevation from Level will be automatically calculated by Revit.

[2026-01-02 20:35:44.575] [20:35:44][FlagManager] [INFO] | correlationId=6032b00f 📝 BATCH: Flagging 1 clash zones as placed (Resetting IsCurrentClash)

[2026-01-02 20:35:44.578] [20:35:44][FlagManager] [INFO] | correlationId=6032b00f ✅ BATCH: Updated flags for 1 clash zones

[2026-01-02 20:35:44.592] [20:35:44][FlagManager] [INFO] | correlationId=6032b00f 📝 BATCH: Flagging 1 clash zones as placed (Resetting IsCurrentClash)

[2026-01-02 20:35:44.594] [20:35:44][FlagManager] [INFO] | correlationId=6032b00f ✅ BATCH: Updated flags for 1 clash zones

[2026-01-02 20:35:44.607] [20:35:44][FlagManager] [INFO] | correlationId=6032b00f 📝 BATCH: Flagging 1 clash zones as placed (Resetting IsCurrentClash)

[2026-01-02 20:35:44.609] [20:35:44][FlagManager] [INFO] | correlationId=6032b00f ✅ BATCH: Updated flags for 1 clash zones

[2026-01-02 20:35:44.729] [20:35:44.729] [SleeveParameterService] [CLUSTER-SCHEDULE-LEVEL] ✅ Set Schedule Level to 'Level 0' on cluster sleeve 1210686. Elevation from Level will be automatically calculated by Revit.

[2026-01-02 20:35:44.749] [20:35:44][FlagManager] [INFO] | correlationId=6032b00f 📝 BATCH: Flagging 1 clash zones as placed (Resetting IsCurrentClash)

[2026-01-02 20:35:44.752] [20:35:44][FlagManager] [INFO] | correlationId=6032b00f ✅ BATCH: Updated flags for 1 clash zones

[2026-01-02 20:35:44.765] [20:35:44][FlagManager] [INFO] | correlationId=6032b00f 📝 BATCH: Flagging 1 clash zones as placed (Resetting IsCurrentClash)

[2026-01-02 20:35:44.767] [20:35:44][FlagManager] [INFO] | correlationId=6032b00f ✅ BATCH: Updated flags for 1 clash zones

[2026-01-02 20:35:46.032] [20:35:46.032] [DB-LOAD] Zone f4ed0093-18c1-fe0c-b7e4-0dc9ce4e0a17: Loaded MepElementLevelName='Level 0', MepElementLevelElevation=0.000000ft (0.0mm)

[2026-01-02 20:35:46.036] [20:35:46.036] [DB-LOAD] Zone c52f27f2-825a-cee3-ff19-44780ebac505: Loaded MepElementLevelName='Level 0', MepElementLevelElevation=0.000000ft (0.0mm)

[2026-01-02 20:35:46.045] [20:35:46.044] [DB-LOAD] Zone 9054642b-26fd-79c7-2d65-3ab037771243: Loaded MepElementLevelName='Level 0', MepElementLevelElevation=0.000000ft (0.0mm)

[2026-01-02 20:35:46.049] [20:35:46.049] [DB-LOAD] Zone df7fc73d-898f-9c2d-29b7-0c673b9b8c64: Loaded MepElementLevelName='Level 0', MepElementLevelElevation=0.000000ft (0.0mm)

[2026-01-02 20:35:46.060] [20:35:46.060] [DB-LOAD] Zone 091186e8-2ce9-f546-bf55-e9084850265e: Loaded MepElementLevelName='Level 0', MepElementLevelElevation=0.000000ft (0.0mm)

[2026-01-02 20:35:46.065] [20:35:46.064] [DB-LOAD] Zone b375875a-240b-b59a-2b68-bbf300a9145d: Loaded MepElementLevelName='Level 0', MepElementLevelElevation=0.000000ft (0.0mm)

[2026-01-02 20:35:46.068] [20:35:46.068] [DB-LOAD] Zone 3f3107a3-1ff4-60f2-bebc-a52a386aa2e0: Loaded MepElementLevelName='Level 0', MepElementLevelElevation=0.000000ft (0.0mm)

[2026-01-02 20:35:46.076] [20:35:46.075] [DB-LOAD] Zone ee69ca6f-52c2-6f16-eeb5-4979293fd1e6: Loaded MepElementLevelName='Level 0', MepElementLevelElevation=0.000000ft (0.0mm)

[2026-01-02 20:35:46.081] [20:35:46.079] [DB-LOAD] Zone 30808e2b-18c0-40db-60c3-4208b93ac49e: Loaded MepElementLevelName='Level 0', MepElementLevelElevation=0.000000ft (0.0mm)

[2026-01-02 20:35:46.083] [20:35:46.083] [DB-LOAD] Zone 6c8919ef-e5a7-bb03-804e-7efc809efd31: Loaded MepElementLevelName='Level 0', MepElementLevelElevation=0.000000ft (0.0mm)

[2026-01-02 20:35:46.092] [20:35:46.091] [DB-LOAD] Zone 720e069c-a6a6-25fe-1056-445e5f0e7aac: Loaded MepElementLevelName='Level 0', MepElementLevelElevation=0.000000ft (0.0mm)

[2026-01-02 20:35:46.096] [20:35:46.095] [DB-LOAD] Zone e90a7cb6-bade-a0dc-0741-e6a350974656: Loaded MepElementLevelName='Level 0', MepElementLevelElevation=0.000000ft (0.0mm)

[2026-01-02 20:35:46.153] [20:35:46.150] [DB-LOAD] Zone f4ed0093-18c1-fe0c-b7e4-0dc9ce4e0a17: Loaded MepElementLevelName='Level 0', MepElementLevelElevation=0.000000ft (0.0mm)

[2026-01-02 20:35:46.157] [20:35:46.157] [DB-LOAD] Zone c52f27f2-825a-cee3-ff19-44780ebac505: Loaded MepElementLevelName='Level 0', MepElementLevelElevation=0.000000ft (0.0mm)

[2026-01-02 20:35:46.165] [20:35:46.165] [DB-LOAD] Zone 9054642b-26fd-79c7-2d65-3ab037771243: Loaded MepElementLevelName='Level 0', MepElementLevelElevation=0.000000ft (0.0mm)

[2026-01-02 20:35:46.169] [20:35:46.169] [DB-LOAD] Zone df7fc73d-898f-9c2d-29b7-0c673b9b8c64: Loaded MepElementLevelName='Level 0', MepElementLevelElevation=0.000000ft (0.0mm)

[2026-01-02 20:35:46.178] [20:35:46.178] [DB-LOAD] Zone 091186e8-2ce9-f546-bf55-e9084850265e: Loaded MepElementLevelName='Level 0', MepElementLevelElevation=0.000000ft (0.0mm)

[2026-01-02 20:35:46.182] [20:35:46.182] [DB-LOAD] Zone b375875a-240b-b59a-2b68-bbf300a9145d: Loaded MepElementLevelName='Level 0', MepElementLevelElevation=0.000000ft (0.0mm)

[2026-01-02 20:35:46.186] [20:35:46.185] [DB-LOAD] Zone 3f3107a3-1ff4-60f2-bebc-a52a386aa2e0: Loaded MepElementLevelName='Level 0', MepElementLevelElevation=0.000000ft (0.0mm)

[2026-01-02 20:35:46.194] [20:35:46.194] [DB-LOAD] Zone ee69ca6f-52c2-6f16-eeb5-4979293fd1e6: Loaded MepElementLevelName='Level 0', MepElementLevelElevation=0.000000ft (0.0mm)

[2026-01-02 20:35:46.201] [20:35:46.200] [DB-LOAD] Zone 30808e2b-18c0-40db-60c3-4208b93ac49e: Loaded MepElementLevelName='Level 0', MepElementLevelElevation=0.000000ft (0.0mm)

[2026-01-02 20:35:46.204] [20:35:46.204] [DB-LOAD] Zone 6c8919ef-e5a7-bb03-804e-7efc809efd31: Loaded MepElementLevelName='Level 0', MepElementLevelElevation=0.000000ft (0.0mm)

[2026-01-02 20:35:46.213] [20:35:46.212] [DB-LOAD] Zone 720e069c-a6a6-25fe-1056-445e5f0e7aac: Loaded MepElementLevelName='Level 0', MepElementLevelElevation=0.000000ft (0.0mm)

[2026-01-02 20:35:46.217] [20:35:46.216] [DB-LOAD] Zone e90a7cb6-bade-a0dc-0741-e6a350974656: Loaded MepElementLevelName='Level 0', MepElementLevelElevation=0.000000ft (0.0mm)

[2026-01-02 20:35:46.258] [20:35:46.257] [DB-LOAD] Zone f4ed0093-18c1-fe0c-b7e4-0dc9ce4e0a17: Loaded MepElementLevelName='Level 0', MepElementLevelElevation=0.000000ft (0.0mm)

[2026-01-02 20:35:46.262] [20:35:46.261] [DB-LOAD] Zone c52f27f2-825a-cee3-ff19-44780ebac505: Loaded MepElementLevelName='Level 0', MepElementLevelElevation=0.000000ft (0.0mm)

[2026-01-02 20:35:46.277] [20:35:46.276] [DB-LOAD] Zone 9054642b-26fd-79c7-2d65-3ab037771243: Loaded MepElementLevelName='Level 0', MepElementLevelElevation=0.000000ft (0.0mm)

[2026-01-02 20:35:46.281] [20:35:46.280] [DB-LOAD] Zone df7fc73d-898f-9c2d-29b7-0c673b9b8c64: Loaded MepElementLevelName='Level 0', MepElementLevelElevation=0.000000ft (0.0mm)

[2026-01-02 20:35:46.294] [20:35:46.294] [DB-LOAD] Zone 091186e8-2ce9-f546-bf55-e9084850265e: Loaded MepElementLevelName='Level 0', MepElementLevelElevation=0.000000ft (0.0mm)

[2026-01-02 20:35:46.298] [20:35:46.298] [DB-LOAD] Zone b375875a-240b-b59a-2b68-bbf300a9145d: Loaded MepElementLevelName='Level 0', MepElementLevelElevation=0.000000ft (0.0mm)

[2026-01-02 20:35:46.302] [20:35:46.301] [DB-LOAD] Zone 3f3107a3-1ff4-60f2-bebc-a52a386aa2e0: Loaded MepElementLevelName='Level 0', MepElementLevelElevation=0.000000ft (0.0mm)

[2026-01-02 20:35:46.317] [20:35:46.316] [DB-LOAD] Zone ee69ca6f-52c2-6f16-eeb5-4979293fd1e6: Loaded MepElementLevelName='Level 0', MepElementLevelElevation=0.000000ft (0.0mm)

[2026-01-02 20:35:46.322] [20:35:46.321] [DB-LOAD] Zone 30808e2b-18c0-40db-60c3-4208b93ac49e: Loaded MepElementLevelName='Level 0', MepElementLevelElevation=0.000000ft (0.0mm)

[2026-01-02 20:35:46.326] [20:35:46.325] [DB-LOAD] Zone 6c8919ef-e5a7-bb03-804e-7efc809efd31: Loaded MepElementLevelName='Level 0', MepElementLevelElevation=0.000000ft (0.0mm)

[2026-01-02 20:35:46.344] [20:35:46.343] [DB-LOAD] Zone 720e069c-a6a6-25fe-1056-445e5f0e7aac: Loaded MepElementLevelName='Level 0', MepElementLevelElevation=0.000000ft (0.0mm)

[2026-01-02 20:35:46.349] [20:35:46.348] [DB-LOAD] Zone e90a7cb6-bade-a0dc-0741-e6a350974656: Loaded MepElementLevelName='Level 0', MepElementLevelElevation=0.000000ft (0.0mm)

[20:35:46] [UpdateSleeveCoordinatesInXml] CALLED with xmlFilePath: NULL
[20:35:46] [UpdateSleeveCoordinatesInXml] Found 16 sleeves in Revit model
[20:35:46] [UpdateSleeveCoordinatesInXml] 🔍 Loading clash zones from database for category 'Ducts' (database-only mode)
[2026-01-02 20:35:46.586] [20:35:46.585] [DB-LOAD] Zone f4ed0093-18c1-fe0c-b7e4-0dc9ce4e0a17: Loaded MepElementLevelName='Level 0', MepElementLevelElevation=0.000000ft (0.0mm)

[2026-01-02 20:35:46.590] [20:35:46.590] [DB-LOAD] Zone c2d60296-f2a7-fa6d-665e-941f035331b6: Loaded MepElementLevelName='Level 0', MepElementLevelElevation=0.000000ft (0.0mm)

[2026-01-02 20:35:46.594] [20:35:46.593] [DB-LOAD] Zone 9054642b-26fd-79c7-2d65-3ab037771243: Loaded MepElementLevelName='Level 0', MepElementLevelElevation=0.000000ft (0.0mm)

[2026-01-02 20:35:46.597] [20:35:46.596] [DB-LOAD] Zone edfd5dca-bdac-8a33-7ce4-78d2ff0b0cb4: Loaded MepElementLevelName='Level 0', MepElementLevelElevation=0.000000ft (0.0mm)

[2026-01-02 20:35:46.600] [20:35:46.600] [DB-LOAD] Zone 049cd767-5dd6-cd86-93b1-07e9c5e91455: Loaded MepElementLevelName='Level 0', MepElementLevelElevation=0.000000ft (0.0mm)

[2026-01-02 20:35:46.604] [20:35:46.603] [DB-LOAD] Zone 091186e8-2ce9-f546-bf55-e9084850265e: Loaded MepElementLevelName='Level 0', MepElementLevelElevation=0.000000ft (0.0mm)

[2026-01-02 20:35:46.606] [20:35:46.606] [DB-LOAD] Zone ee69ca6f-52c2-6f16-eeb5-4979293fd1e6: Loaded MepElementLevelName='Level 0', MepElementLevelElevation=0.000000ft (0.0mm)

[2026-01-02 20:35:46.611] [20:35:46.609] [DB-LOAD] Zone 720e069c-a6a6-25fe-1056-445e5f0e7aac: Loaded MepElementLevelName='Level 0', MepElementLevelElevation=0.000000ft (0.0mm)

[2026-01-02 20:35:46.614] [20:35:46.614] [DB-LOAD] Zone e83315b6-5ebf-60fb-5a98-11b4612eb77f: Loaded MepElementLevelName='Level 0', MepElementLevelElevation=0.000000ft (0.0mm)

[2026-01-02 20:35:46.618] [20:35:46.617] [DB-LOAD] Zone a60cfb2c-6455-8967-4840-eaab7e13bdc5: Loaded MepElementLevelName='Level 0', MepElementLevelElevation=0.000000ft (0.0mm)

[2026-01-02 20:35:46.621] [20:35:46.620] [DB-LOAD] Zone 661b5e54-02f1-b59b-07f2-b22b7fbdb183: Loaded MepElementLevelName='Level 0', MepElementLevelElevation=0.000000ft (0.0mm)

[2026-01-02 20:35:46.625] [20:35:46.624] [DB-LOAD] Zone df7fc73d-898f-9c2d-29b7-0c673b9b8c64: Loaded MepElementLevelName='Level 0', MepElementLevelElevation=0.000000ft (0.0mm)

[2026-01-02 20:35:46.628] [20:35:46.627] [DB-LOAD] Zone 2031e5e3-284f-f716-e3f7-64ce8a6a00c9: Loaded MepElementLevelName='Level 0', MepElementLevelElevation=0.000000ft (0.0mm)

[2026-01-02 20:35:46.631] [20:35:46.630] [DB-LOAD] Zone 0d5bc810-bfb7-4bbb-2444-fa26b583ed82: Loaded MepElementLevelName='Level 0', MepElementLevelElevation=0.000000ft (0.0mm)

[2026-01-02 20:35:46.634] [20:35:46.633] [DB-LOAD] Zone c52f27f2-825a-cee3-ff19-44780ebac505: Loaded MepElementLevelName='Level 0', MepElementLevelElevation=0.000000ft (0.0mm)

[2026-01-02 20:35:46.637] [20:35:46.637] [DB-LOAD] Zone b375875a-240b-b59a-2b68-bbf300a9145d: Loaded MepElementLevelName='Level 0', MepElementLevelElevation=0.000000ft (0.0mm)

[2026-01-02 20:35:46.641] [20:35:46.640] [DB-LOAD] Zone e90a7cb6-bade-a0dc-0741-e6a350974656: Loaded MepElementLevelName='Level 0', MepElementLevelElevation=0.000000ft (0.0mm)

[2026-01-02 20:35:46.645] [20:35:46.645] [DB-LOAD] Zone 3f3107a3-1ff4-60f2-bebc-a52a386aa2e0: Loaded MepElementLevelName='Level 0', MepElementLevelElevation=0.000000ft (0.0mm)

[2026-01-02 20:35:46.648] [20:35:46.648] [DB-LOAD] Zone 3674d177-7325-2b17-7e42-c79460bffd18: Loaded MepElementLevelName='Level 0', MepElementLevelElevation=0.000000ft (0.0mm)

[2026-01-02 20:35:46.652] [20:35:46.651] [DB-LOAD] Zone db86329e-1010-2021-a4c3-2b9e3e98021a: Loaded MepElementLevelName='Level 0', MepElementLevelElevation=0.000000ft (0.0mm)

[2026-01-02 20:35:46.655] [20:35:46.655] [DB-LOAD] Zone 30808e2b-18c0-40db-60c3-4208b93ac49e: Loaded MepElementLevelName='Level 0', MepElementLevelElevation=0.000000ft (0.0mm)

[2026-01-02 20:35:46.658] [20:35:46.658] [DB-LOAD] Zone 6c8919ef-e5a7-bb03-804e-7efc809efd31: Loaded MepElementLevelName='Level 0', MepElementLevelElevation=0.000000ft (0.0mm)

[2026-01-02 20:35:46.661] [20:35:46.661] [DB-LOAD] Zone 23970e7f-c4be-e0c0-13ca-aa5427283ab4: Loaded MepElementLevelName='Level 0', MepElementLevelElevation=0.000000ft (0.0mm)

[20:35:46] [UpdateSleeveCoordinatesInXml] 🔍 Database query returned 23 zones for category 'Ducts'
[20:35:46] [UpdateSleeveCoordinatesInXml] ✅ DATABASE-ONLY: Loaded 23 clash zones from database for category 'Ducts' (all zones)
[20:35:46] [UpdateSleeveCoordinatesInXml] DEBUG: Zones with placement point: 23/23, Zones with SleeveInstanceId>0: 23/23, Zones with ClusterSleeveInstanceId>0: 12/23
[20:35:46] [UpdateSleeveCoordinatesInXml] SAMPLE: Zone f4ed0093-18c1-fe0c-b7e4-0dc9ce4e0a17, SPP=(49.517, 1.050, 7.946), SleeveId=1210632, ClusterId=1210656
[20:35:46] [UpdateSleeveCoordinatesInXml] SAMPLE: Zone c2d60296-f2a7-fa6d-665e-941f035331b6, SPP=(5.526, 1.050, 4.921), SleeveId=1210534, ClusterId=-1
[20:35:46] [UpdateSleeveCoordinatesInXml] SAMPLE: Zone 9054642b-26fd-79c7-2d65-3ab037771243, SPP=(51.542, 1.050, 10.542), SleeveId=1210513, ClusterId=1210665
[20:35:46] [UpdateSleeveCoordinatesInXml] Loaded 23 clash zones from database
[20:35:46] [UpdateSleeveCoordinatesInXml] 23 out of 23 clash zones have SleeveInstanceId > 0
[20:35:46] [UpdateSleeveCoordinatesInXml] Looking for sleeves with IDs: [1210632, 1210534, 1210513, 1210485, 1210583, 1210548, 1210520, 1210576, 1210618, 1210492...]
[20:35:46] [UPDATE_COORD_DEBUG] Looking for 23 sleeve IDs: [1210632, 1210534, 1210513, 1210485, 1210583, 1210548, 1210520, 1210576, 1210618, 1210492...]
[20:35:46] [UPDATE_COORD_DEBUG] Found 16 sleeves in Revit: [1210485, 1210492, 1210499, 1210506, 1210534, 1210541, 1210583, 1210590, 1210604, 1210611...]
[20:35:46] [UPDATE_COORD_DEBUG] Matching IDs: 11 out of 23
[20:35:46] [DIRECT-ID-MATCH] individual sleeve 1210632 not found in document - may have been deleted
[20:35:46] [POSITION-MATCH-FAILED] Zone f4ed0093-18c1-fe0c-b7e4-0dc9ce4e0a17: No match within 1mm tolerance using SleevePlacementPoint. Closest sleeve 1210665 at distance 2.147202ft (654.47mm). MatchPoint=(49.517, 1.050, 7.946)
[20:35:46] [DIRECT-ID-MATCH] Found individual sleeve 1210534 by ID
[20:35:46] [BOUNDING_BOX_BEFORE_SET] ClashZone c2d60296-f2a7-fa6d-665e-941f035331b6, Sleeve 1210534: BEFORE - ClashZone has: MinX=4.541738, MinY=0.721785, MinZ=3.937008, MaxX=6.510242, MaxY=1.377953, MaxZ=5.905512
[20:35:46] [BOUNDING_BOX_BEFORE_SET] Revit bbox from sleeve 1210534: Min=(4.541738, 0.721785, 3.937008), Max=(6.510242, 1.377953, 5.905512)
[20:35:46] [BOUNDING_BOX_AFTER_SET] ClashZone c2d60296-f2a7-fa6d-665e-941f035331b6, Sleeve 1210534: AFTER - ClashZone now has: MinX=4.541738, MinY=0.721785, MinZ=3.937008, MaxX=6.510242, MaxY=1.377953, MaxZ=5.905512
[20:35:46] [UPDATED] Sleeve 1210534: Min=(4.541738, 0.721785, 3.937008), Max=(6.510242, 1.377953, 5.905512)
[20:35:46] [DIRECT-ID-MATCH] individual sleeve 1210513 not found in document - may have been deleted
[20:35:46] [POSITION-MATCH-FAILED] Zone 9054642b-26fd-79c7-2d65-3ab037771243: No match within 1mm tolerance using SleevePlacementPoint. Closest sleeve 1210665 at distance 2.975311ft (906.87mm). MatchPoint=(51.542, 1.050, 10.542)
[20:35:46] [DIRECT-ID-MATCH] Found individual sleeve 1210485 by ID
[20:35:46] [BOUNDING_BOX_BEFORE_SET] ClashZone edfd5dca-bdac-8a33-7ce4-78d2ff0b0cb4, Sleeve 1210485: BEFORE - ClashZone has: MinX=34.678478, MinY=0.721785, MinZ=4.265092, MaxX=35.826772, MaxY=1.377953, MaxZ=5.413386
[20:35:46] [BOUNDING_BOX_BEFORE_SET] Revit bbox from sleeve 1210485: Min=(34.678478, 0.721785, 4.265092), Max=(35.826772, 1.377953, 5.413386)
[20:35:46] [BOUNDING_BOX_AFTER_SET] ClashZone edfd5dca-bdac-8a33-7ce4-78d2ff0b0cb4, Sleeve 1210485: AFTER - ClashZone now has: MinX=34.678478, MinY=0.721785, MinZ=4.265092, MaxX=35.826772, MaxY=1.377953, MaxZ=5.413386
[20:35:46] [UPDATED] Sleeve 1210485: Min=(34.678478, 0.721785, 4.265092), Max=(35.826772, 1.377953, 5.413386)
[20:35:46] [DIRECT-ID-MATCH] Found individual sleeve 1210583 by ID
[20:35:46] [BOUNDING_BOX_BEFORE_SET] ClashZone 049cd767-5dd6-cd86-93b1-07e9c5e91455, Sleeve 1210583: BEFORE - ClashZone has: MinX=22.251968, MinY=0.721785, MinZ=3.195847, MaxX=25.696850, MaxY=1.377953, MaxZ=5.164351
[20:35:46] [BOUNDING_BOX_BEFORE_SET] Revit bbox from sleeve 1210583: Min=(22.251968, 0.721785, 3.195847), Max=(25.696850, 1.377953, 5.164351)
[20:35:46] [BOUNDING_BOX_AFTER_SET] ClashZone 049cd767-5dd6-cd86-93b1-07e9c5e91455, Sleeve 1210583: AFTER - ClashZone now has: MinX=22.251968, MinY=0.721785, MinZ=3.195847, MaxX=25.696850, MaxY=1.377953, MaxZ=5.164351
[20:35:46] [UPDATED] Sleeve 1210583: Min=(22.251968, 0.721785, 3.195847), Max=(25.696850, 1.377953, 5.164351)
[20:35:46] [DIRECT-ID-MATCH] individual sleeve 1210548 not found in document - may have been deleted
[20:35:46] [POSITION-MATCH-FAILED] Zone 091186e8-2ce9-f546-bf55-e9084850265e: No match within 1mm tolerance using SleevePlacementPoint. Closest sleeve 1210672 at distance 3.325283ft (1013.55mm). MatchPoint=(11.123, 1.050, 2.441)
[20:35:46] [DIRECT-ID-MATCH] individual sleeve 1210520 not found in document - may have been deleted
[20:35:46] [POSITION-MATCH-FAILED] Zone ee69ca6f-52c2-6f16-eeb5-4979293fd1e6: No match within 1mm tolerance using SleevePlacementPoint. Closest sleeve 1210679 at distance 5.917236ft (1803.57mm). MatchPoint=(53.710, 1.050, 5.208)
[20:35:46] [DIRECT-ID-MATCH] individual sleeve 1210576 not found in document - may have been deleted
[20:35:46] [POSITION-MATCH-FAILED] Zone 720e069c-a6a6-25fe-1056-445e5f0e7aac: No match within 1mm tolerance using SleevePlacementPoint. Closest sleeve 1210686 at distance 1.964930ft (598.91mm). MatchPoint=(25.420, 1.050, 10.323)
[20:35:46] [DIRECT-ID-MATCH] Found individual sleeve 1210618 by ID
[20:35:46] [BOUNDING_BOX_BEFORE_SET] ClashZone e83315b6-5ebf-60fb-5a98-11b4612eb77f, Sleeve 1210618: BEFORE - ClashZone has: MinX=5.929444, MinY=0.721785, MinZ=7.437472, MaxX=7.897948, MaxY=1.377953, MaxZ=9.405976
[20:35:46] [BOUNDING_BOX_BEFORE_SET] Revit bbox from sleeve 1210618: Min=(5.929444, 0.721785, 7.437472), Max=(7.897948, 1.377953, 9.405976)
[20:35:46] [BOUNDING_BOX_AFTER_SET] ClashZone e83315b6-5ebf-60fb-5a98-11b4612eb77f, Sleeve 1210618: AFTER - ClashZone now has: MinX=5.929444, MinY=0.721785, MinZ=7.437472, MaxX=7.897948, MaxY=1.377953, MaxZ=9.405976
[20:35:46] [UPDATED] Sleeve 1210618: Min=(5.929444, 0.721785, 7.437472), Max=(7.897948, 1.377953, 9.405976)
[20:35:46] [DIRECT-ID-MATCH] Found individual sleeve 1210492 by ID
[20:35:46] [BOUNDING_BOX_BEFORE_SET] ClashZone a60cfb2c-6455-8967-4840-eaab7e13bdc5, Sleeve 1210492: BEFORE - ClashZone has: MinX=34.678478, MinY=0.721785, MinZ=9.842520, MaxX=35.826772, MaxY=1.377953, MaxZ=10.990814
[20:35:46] [BOUNDING_BOX_BEFORE_SET] Revit bbox from sleeve 1210492: Min=(34.678478, 0.721785, 9.842520), Max=(35.826772, 1.377953, 10.990814)
[20:35:46] [BOUNDING_BOX_AFTER_SET] ClashZone a60cfb2c-6455-8967-4840-eaab7e13bdc5, Sleeve 1210492: AFTER - ClashZone now has: MinX=34.678478, MinY=0.721785, MinZ=9.842520, MaxX=35.826772, MaxY=1.377953, MaxZ=10.990814
[20:35:46] [UPDATED] Sleeve 1210492: Min=(34.678478, 0.721785, 9.842520), Max=(35.826772, 1.377953, 10.990814)
[20:35:46] [DIRECT-ID-MATCH] Found individual sleeve 1210541 by ID
[20:35:46] [BOUNDING_BOX_BEFORE_SET] ClashZone 661b5e54-02f1-b59b-07f2-b22b7fbdb183, Sleeve 1210541: BEFORE - ClashZone has: MinX=2.198163, MinY=0.721785, MinZ=1.230315, MaxX=4.166667, MaxY=1.377953, MaxZ=3.198819
[20:35:46] [BOUNDING_BOX_BEFORE_SET] Revit bbox from sleeve 1210541: Min=(2.198163, 0.721785, 1.230315), Max=(4.166667, 1.377953, 3.198819)
[20:35:46] [BOUNDING_BOX_AFTER_SET] ClashZone 661b5e54-02f1-b59b-07f2-b22b7fbdb183, Sleeve 1210541: AFTER - ClashZone now has: MinX=2.198163, MinY=0.721785, MinZ=1.230315, MaxX=4.166667, MaxY=1.377953, MaxZ=3.198819
[20:35:46] [UPDATED] Sleeve 1210541: Min=(2.198163, 0.721785, 1.230315), Max=(4.166667, 1.377953, 3.198819)
[20:35:46] [DIRECT-ID-MATCH] individual sleeve 1210569 not found in document - may have been deleted
[20:35:46] [POSITION-MATCH-FAILED] Zone df7fc73d-898f-9c2d-29b7-0c673b9b8c64: No match within 1mm tolerance using SleevePlacementPoint. Closest sleeve 1210665 at distance 1.294003ft (394.41mm). MatchPoint=(49.712, 1.050, 10.562)
[20:35:46] [DIRECT-ID-MATCH] Found individual sleeve 1210590 by ID
[20:35:46] [BOUNDING_BOX_BEFORE_SET] ClashZone 2031e5e3-284f-f716-e3f7-64ce8a6a00c9, Sleeve 1210590: BEFORE - ClashZone has: MinX=28.517772, MinY=0.721785, MinZ=3.232550, MaxX=31.962654, MaxY=1.377953, MaxZ=5.201054
[20:35:46] [BOUNDING_BOX_BEFORE_SET] Revit bbox from sleeve 1210590: Min=(28.517772, 0.721785, 3.232550), Max=(31.962654, 1.377953, 5.201054)
[20:35:46] [BOUNDING_BOX_AFTER_SET] ClashZone 2031e5e3-284f-f716-e3f7-64ce8a6a00c9, Sleeve 1210590: AFTER - ClashZone now has: MinX=28.517772, MinY=0.721785, MinZ=3.232550, MaxX=31.962654, MaxY=1.377953, MaxZ=5.201054
[20:35:46] [UPDATED] Sleeve 1210590: Min=(28.517772, 0.721785, 3.232550), Max=(31.962654, 1.377953, 5.201054)
[20:35:46] [DIRECT-ID-MATCH] Found individual sleeve 1210506 by ID
[20:35:46] [BOUNDING_BOX_BEFORE_SET] ClashZone 0d5bc810-bfb7-4bbb-2444-fa26b583ed82, Sleeve 1210506: BEFORE - ClashZone has: MinX=15.567585, MinY=0.721785, MinZ=3.526903, MaxX=17.536089, MaxY=1.377953, MaxZ=5.495407
[20:35:46] [BOUNDING_BOX_BEFORE_SET] Revit bbox from sleeve 1210506: Min=(15.567585, 0.721785, 3.526903), Max=(17.536089, 1.377953, 5.495407)
[20:35:46] [BOUNDING_BOX_AFTER_SET] ClashZone 0d5bc810-bfb7-4bbb-2444-fa26b583ed82, Sleeve 1210506: AFTER - ClashZone now has: MinX=15.567585, MinY=0.721785, MinZ=3.526903, MaxX=17.536089, MaxY=1.377953, MaxZ=5.495407
[20:35:46] [UPDATED] Sleeve 1210506: Min=(15.567585, 0.721785, 3.526903), Max=(17.536089, 1.377953, 5.495407)
[20:35:46] [DIRECT-ID-MATCH] individual sleeve 1210625 not found in document - may have been deleted
[20:35:46] [POSITION-MATCH-FAILED] Zone c52f27f2-825a-cee3-ff19-44780ebac505: No match within 1mm tolerance using SleevePlacementPoint. Closest sleeve 1210665 at distance 3.343659ft (1019.15mm). MatchPoint=(51.347, 1.050, 7.926)
[20:35:46] [DIRECT-ID-MATCH] individual sleeve 1210527 not found in document - may have been deleted
[20:35:46] [POSITION-MATCH-FAILED] Zone b375875a-240b-b59a-2b68-bbf300a9145d: No match within 1mm tolerance using SleevePlacementPoint. Closest sleeve 1210672 at distance 1.458467ft (444.54mm). MatchPoint=(8.989, 1.050, 2.441)
[20:35:46] [DIRECT-ID-MATCH] individual sleeve 1210476 not found in document - may have been deleted
[20:35:46] [POSITION-MATCH-FAILED] Zone e90a7cb6-bade-a0dc-0741-e6a350974656: No match within 1mm tolerance using SleevePlacementPoint. Closest sleeve 1210686 at distance 0.957259ft (291.77mm). MatchPoint=(24.177, 1.050, 10.417)
[20:35:46] [DIRECT-ID-MATCH] individual sleeve 1210555 not found in document - may have been deleted
[20:35:46] [POSITION-MATCH-FAILED] Zone 3f3107a3-1ff4-60f2-bebc-a52a386aa2e0: No match within 1mm tolerance using SleevePlacementPoint. Closest sleeve 1210506 at distance 2.649966ft (807.71mm). MatchPoint=(13.173, 1.050, 2.441)
[20:35:46] [DIRECT-ID-MATCH] Found individual sleeve 1210611 by ID
[20:35:46] [BOUNDING_BOX_BEFORE_SET] ClashZone 3674d177-7325-2b17-7e42-c79460bffd18, Sleeve 1210611: BEFORE - ClashZone has: MinX=0.721785, MinY=3.757560, MinZ=6.191929, MaxX=1.377953, MaxY=6.218190, MaxZ=7.504265
[20:35:46] [BOUNDING_BOX_BEFORE_SET] Revit bbox from sleeve 1210611: Min=(0.721785, 3.757560, 6.191929), Max=(1.377953, 6.218190, 7.504265)
[20:35:46] [BOUNDING_BOX_AFTER_SET] ClashZone 3674d177-7325-2b17-7e42-c79460bffd18, Sleeve 1210611: AFTER - ClashZone now has: MinX=0.721785, MinY=3.757560, MinZ=6.191929, MaxX=1.377953, MaxY=6.218190, MaxZ=7.504265
[20:35:46] [UPDATED] Sleeve 1210611: Min=(0.721785, 3.757560, 6.191929), Max=(1.377953, 6.218190, 7.504265)
[20:35:46] [DIRECT-ID-MATCH] Found individual sleeve 1210499 by ID
[20:35:46] [BOUNDING_BOX_BEFORE_SET] ClashZone db86329e-1010-2021-a4c3-2b9e3e98021a, Sleeve 1210499: BEFORE - ClashZone has: MinX=0.721785, MinY=9.252967, MinZ=9.809711, MaxX=1.377953, MaxY=11.221471, MaxZ=11.122047
[20:35:46] [BOUNDING_BOX_BEFORE_SET] Revit bbox from sleeve 1210499: Min=(0.721785, 9.252967, 9.809711), Max=(1.377953, 11.221471, 11.122047)
[20:35:46] [BOUNDING_BOX_AFTER_SET] ClashZone db86329e-1010-2021-a4c3-2b9e3e98021a, Sleeve 1210499: AFTER - ClashZone now has: MinX=0.721785, MinY=9.252967, MinZ=9.809711, MaxX=1.377953, MaxY=11.221471, MaxZ=11.122047
[20:35:46] [UPDATED] Sleeve 1210499: Min=(0.721785, 9.252967, 9.809711), Max=(1.377953, 11.221471, 11.122047)
[20:35:46] [DIRECT-ID-MATCH] individual sleeve 1210562 not found in document - may have been deleted
[20:35:46] [POSITION-MATCH-FAILED] Zone 30808e2b-18c0-40db-60c3-4208b93ac49e: No match within 1mm tolerance using SleevePlacementPoint. Closest sleeve 1210679 at distance 1.455606ft (443.67mm). MatchPoint=(48.935, 1.050, 5.208)
[20:35:46] [DIRECT-ID-MATCH] individual sleeve 1210597 not found in document - may have been deleted
[20:35:46] [POSITION-MATCH-FAILED] Zone 6c8919ef-e5a7-bb03-804e-7efc809efd31: No match within 1mm tolerance using SleevePlacementPoint. Closest sleeve 1210679 at distance 3.538290ft (1078.47mm). MatchPoint=(51.283, 1.050, 5.165)
[20:35:46] [DIRECT-ID-MATCH] Found individual sleeve 1210604 by ID
[20:35:46] [BOUNDING_BOX_BEFORE_SET] ClashZone 23970e7f-c4be-e0c0-13ca-aa5427283ab4, Sleeve 1210604: BEFORE - ClashZone has: MinX=0.721785, MinY=9.006904, MinZ=7.545932, MaxX=1.377953, MaxY=12.123702, MaxZ=9.186352
[20:35:46] [BOUNDING_BOX_BEFORE_SET] Revit bbox from sleeve 1210604: Min=(0.721785, 9.006904, 7.545932), Max=(1.377953, 12.123702, 9.186352)
[20:35:46] [BOUNDING_BOX_AFTER_SET] ClashZone 23970e7f-c4be-e0c0-13ca-aa5427283ab4, Sleeve 1210604: AFTER - ClashZone now has: MinX=0.721785, MinY=9.006904, MinZ=7.545932, MaxX=1.377953, MaxY=12.123702, MaxZ=9.186352
[20:35:46] [UPDATED] Sleeve 1210604: Min=(0.721785, 9.006904, 7.545932), Max=(1.377953, 12.123702, 9.186352)
[20:35:46] [UpdateSleeveCoordinatesInXml] After UpdateSleeveCoordinates: 23 out of 23 clash zones with SleeveInstanceId now have bounding boxes
[20:35:46] [UpdateSleeveCoordinatesInXml] ✅ DATABASE: Updated SleeveInstanceId for 23 zones, bounding boxes for 23 zones, cluster bounding boxes for 0 zones
[20:35:46] [UpdateSleeveCoordinatesInXml] ✅ DATABASE-ONLY: All coordinates saved to database (XML obsolete)
[20:35:46] [UpdateSleeveCoordinatesInXml] COMPLETED - Updated coordinates for 16 sleeves
